file_id,report_family,period,version,language,source_url,local_path,sha256,bytes,http_status,downloaded_at,supersedes,notes
4e9a3f0219504a72,Bilan,,,fr,https://www.energiemines.gov.tn/fileadmin/docs-u1/Note_Methodologique_sur_le_bilan_%C3%A9nerg%C3%A9tque.pdf,archive/Bilan/undated/v1/Note_Methodologique_sur_le_bilan_énergétque.pdf,4e9a3f0219504a7264ee4d02b3df7d6f962a29417cff3996e03698b7f1ecd362,512900,200,2026-06-25T19:53:43Z,,no year (reference doc)
9d36508ce87eee66,Bilan,2010,,multi,https://www.energiemines.gov.tn/fileadmin/docs-u1/Bilan_National_de_2010.pdf,archive/Bilan/2010/v1/Bilan_National_de_2010.pdf,9d36508ce87eee66975d9055de221463277dd22e441338cb4da24d06a18fc2da,270478,200,2026-06-25T19:49:07Z,,
182867ff56c8b0ca,Bilan,2010-2019,,fr,https://www.energiemines.gov.tn/fileadmin/docs-u1/Evolution_du_Bilan_Energ%C3%A9tique_-_2010-2019__06-2023_.pdf,archive/Bilan/2010-2019/v1/Evolution_du_Bilan_Energétique_-_2010-2019__06-2023_.pdf,182867ff56c8b0caaabc4227cda965f062742fa08eacb3f0d102efcddf399e2d,1734306,200,2026-06-25T19:53:34Z,,range
696f57c0b02b4e54,Bilan,2011,,multi,https://www.energiemines.gov.tn/fileadmin/docs-u1/Bilan_National_de_2011.pdf,archive/Bilan/2011/v1/Bilan_National_de_2011.pdf,696f57c0b02b4e54588f827997730488b3b7c962ce95b5a208a7edf4302de4ba,272490,200,2026-06-25T19:49:08Z,,
ca713bc3af065241,Bilan,2012,,multi,https://www.energiemines.gov.tn/fileadmin/docs-u1/Bilan_National_de_2012.pdf,archive/Bilan/2012/v1/Bilan_National_de_2012.pdf,ca713bc3af0652418a5e456d9d968707c1a530f8aa5bcca5b74751b2382ffc57,271395,200,2026-06-25T19:49:10Z,,
14102f464274f0f0,Bilan,2013,,multi,https://www.energiemines.gov.tn/fileadmin/docs-u1/Bilan_National_de_2013.pdf,archive/Bilan/2013/v1/Bilan_National_de_2013.pdf,14102f464274f0f0e536f073e802ff52a47815c7dcb8532094ddfc55e5262116,272900,200,2026-06-25T19:49:11Z,,
49b54bd3452521ff,Bilan,2014,,multi,https://www.energiemines.gov.tn/fileadmin/docs-u1/Bilan_national_de_l_%C3%A9nergie_ann%C3%A9e_2014.pdf,archive/Bilan/2014/v1/Bilan_national_de_l_énergie_année_2014.pdf,49b54bd3452521ffc22e9a6821be7c718622523a14728dcb921d7e17515b4fa1,652268,200,2026-06-25T19:49:27Z,,
ff8db52190900a02,Bilan,2015,,multi,https://www.energiemines.gov.tn/fileadmin/docs-u1/Bilan_National_de_l_Energie_2015.pdf,archive/Bilan/2015/v1/Bilan_National_de_l_Energie_2015.pdf,ff8db52190900a022815d736a0069f2e7e519eb4371344a23f0c2f8810e13057,1128931,200,2026-06-25T19:49:12Z,,
07c0add9c1dc0353,Bilan,2016,,multi,https://www.energiemines.gov.tn/fileadmin/docs-u1/Bilan_National_de_l_Energie_2016.pdf,archive/Bilan/2016/v1/Bilan_National_de_l_Energie_2016.pdf,07c0add9c1dc03532f461d860726ab173d413698598f901444a8bfbf95cec9ff,1118798,200,2026-06-25T19:49:14Z,,
38304143fa37b518,Bilan,2017,,multi,https://www.energiemines.gov.tn/fileadmin/docs-u1/Bilan_National_de_l_Energie_2017.pdf,archive/Bilan/2017/v1/Bilan_National_de_l_Energie_2017.pdf,38304143fa37b51826651fa4f232a8d55800afeb0f142b226ce2e44cc09cf693,1198390,200,2026-06-25T19:49:15Z,,
f87aaa7432a49bb7,Bilan,2018,,multi,https://www.energiemines.gov.tn/fileadmin/docs-u1/Bilan_National_de_l_Energie_2018.pdf,archive/Bilan/2018/v1/Bilan_National_de_l_Energie_2018.pdf,f87aaa7432a49bb78f04753a861e942e772f774cec96b37fde3e5075e278429b,1108925,200,2026-06-25T19:49:17Z,,
8be025a9e26868d2,Bilan,2019,,multi,https://www.energiemines.gov.tn/fileadmin/docs-u1/Bilan_National_de_l_Energie_2019.pdf,archive/Bilan/2019/v1/Bilan_National_de_l_Energie_2019.pdf,8be025a9e26868d2c7194021312a91cf89833474cada23bfdcd7bad278dc720a,1212667,200,2026-06-25T19:49:18Z,,
3ca1943d49b24dc0,Bilan,2020,V_10-2023,fr,https://www.energiemines.gov.tn/fileadmin/docs-u1/Rapport_Bilan_Energ%C3%A9tique_2020___V_10-2023_.pdf,archive/Bilan/2020/V_10-2023/Rapport_Bilan_Energétique_2020___V_10-2023_.pdf,3ca1943d49b24dc00dc953f33e71cfaf31c577d9510a9c0d3d0d7ca3973800ad,3114913,200,2026-06-25T19:53:45Z,,
dec7064507c084bb,Bilan,2020,V_10-203,multi,https://www.energiemines.gov.tn/fileadmin/docs-u1/Bilan_National_de_l_Energie_2020___V_10-203_.pdf,archive/Bilan/2020/V_10-203/Bilan_National_de_l_Energie_2020___V_10-203_.pdf,dec7064507c084bb61d0844450a305185b66d75b688ba9f1b6026ba99977ef4f,1201215,200,2026-06-25T19:49:20Z,,
9a6123813ce7b074,Bilan,2021,V_10-2023,multi,https://www.energiemines.gov.tn/fileadmin/docs-u1/Bilan_National_de_l_Energie_2021___V_10-2023_.pdf,archive/Bilan/2021/V_10-2023/Bilan_National_de_l_Energie_2021___V_10-2023_.pdf,9a6123813ce7b0745b1f9b8a4a334a086c6ea5ba37494b2105774944fdea8bbf,343957,200,2026-06-25T19:49:21Z,,
9a1e01bb27e14fed,Bilan,2021,V_10-2023,fr,https://www.energiemines.gov.tn/fileadmin/docs-u1/Rapport_Bilan_Energ%C3%A9tique_2021___V_10-2023_.pdf,archive/Bilan/2021/V_10-2023/Rapport_Bilan_Energétique_2021___V_10-2023_.pdf,9a1e01bb27e14fed097bf427a0b4a2fb44213b45d9af51e463c9fd3eb4eb7df2,4166040,200,2026-06-25T19:53:46Z,,
8d408eb7e771e6bc,Bilan,2022,,multi,https://www.energiemines.gov.tn/fileadmin/docs-u1/Bilan_National_de_l_Energie_2022.pdf,archive/Bilan/2022/v1/Bilan_National_de_l_Energie_2022.pdf,8d408eb7e771e6bc254d5d4987958d050d78772357d89c9e4d1f2c332be6436a,1485218,200,2026-06-25T19:49:22Z,,
3d74aa960be28ff1,Bilan,2022,,fr,https://www.energiemines.gov.tn/fileadmin/docs-u1/Rapport_Bilan_Energ%C3%A9tique_2022.pdf,archive/Bilan/2022/v1/Rapport_Bilan_Energétique_2022.pdf,3d74aa960be28ff1af2d7ac6becfa3c7638fb0b9d48e578665a37a9e21211944,4051737,200,2026-06-25T19:53:48Z,,
99ec16bb8ba2ae57,Bilan,2023,,multi,https://www.energiemines.gov.tn/fileadmin/docs-u1/Bilan_National_de_l_Energie_2023.pdf,archive/Bilan/2023/v1/Bilan_National_de_l_Energie_2023.pdf,99ec16bb8ba2ae579cdf389a084785a3b8fdbca95fc2b501538babbe9081099b,1445368,200,2026-06-25T19:49:24Z,,
863af8e97d2dc0e2,Bilan,2023,,fr,https://www.energiemines.gov.tn/fileadmin/docs-u1/Rapport_Bilan_Energ%C3%A9tique_2023.pdf,archive/Bilan/2023/v1/Rapport_Bilan_Energétique_2023.pdf,863af8e97d2dc0e264ad0029f6de9049be388e5987bc895ed09a191df87c63ad,4484751,200,2026-06-25T19:53:50Z,,
b3336f6f6cb425b6,Bilan,2024,,multi,https://www.energiemines.gov.tn/fileadmin/docs-u1/Bilan_National_de_l_Energie_2024.pdf,archive/Bilan/2024/v1/Bilan_National_de_l_Energie_2024.pdf,b3336f6f6cb425b6f65356997379ba8d007b293140d46d6a52d58af35adbd8e5,794931,200,2026-06-25T19:49:25Z,,
9c31b0d77ca8b4b9,Bilan,2024,,fr,https://www.energiemines.gov.tn/fileadmin/docs-u1/Rapport_Bilan_Energ%C3%A9tique_2024.pdf,archive/Bilan/2024/v1/Rapport_Bilan_Energétique_2024.pdf,9c31b0d77ca8b4b96a390385216c1ea77825390d14c0a1666baca483f65e1a89,3284183,200,2026-06-25T19:53:52Z,,
9882b05da0c4e0b9,Bulletin-COVID,2020-03,,fr,https://www.energiemines.gov.tn/fileadmin/user_upload/Bulletin_mars_2020_covid-19-energie.pdf,archive/Bulletin-COVID/2020-03/v1/Bulletin_mars_2020_covid-19-energie.pdf,9882b05da0c4e0b95e53427dcb87298c926e7f7e95552a9379bbad704aae17bf,92238,200,2026-06-25T19:54:02Z,,
7f5626f807bfb26c,Bulletin-COVID,2020-04,,fr,https://www.energiemines.gov.tn/fileadmin/user_upload/Bulletin_avril_2020_covid-19.pdf,archive/Bulletin-COVID/2020-04/v1/Bulletin_avril_2020_covid-19.pdf,7f5626f807bfb26c5e7ad5ca603c05299f8203f18776ac5c53b1423fc637f233,121332,200,2026-06-25T19:54:01Z,,
de77fe2a6ac29e5d,Bulletin-COVID,2020-05,,ar,https://www.energiemines.gov.tn/fileadmin/docs-u1/Bulletin_mai_2020_covid_19-_Energie__Ar_.pdf,archive/Bulletin-COVID/2020-05/v1/Bulletin_mai_2020_covid_19-_Energie__Ar_.pdf,de77fe2a6ac29e5ddc28108a6326303b85fab35c72cef3be96c6142b00a5d7b0,218541,200,2026-06-25T19:49:31Z,,
fe8b0b461cb3214b,Bulletin-COVID,2020-05,,fr,https://www.energiemines.gov.tn/fileadmin/docs-u1/Bulletin_mai_2020_covid_19-_Energie__fr_.pdf,archive/Bulletin-COVID/2020-05/v1/Bulletin_mai_2020_covid_19-_Energie__fr_.pdf,fe8b0b461cb3214bc921da8dc78ce632628e736ae004b1bd6c0ecf2867897050,140753,200,2026-06-25T19:49:32Z,,
b8312f7c34f1e67f,Bulletin-COVID,2020-06,,ar,https://www.energiemines.gov.tn/fileadmin/docs-u1/Bulletin_juin_2020_Covid_19-Energie_Ar.pdf,archive/Bulletin-COVID/2020-06/v1/Bulletin_juin_2020_Covid_19-Energie_Ar.pdf,b8312f7c34f1e67f094c42fbf5ca82d97092c2cbcd712935721c14f4064263a3,179751,200,2026-06-25T19:49:28Z,,
bdf0c43f62915cb8,Bulletin-COVID,2020-06,,fr,https://www.energiemines.gov.tn/fileadmin/docs-u1/Bulletin_juin_2020_covid_19-_Energie_Fr.pdf,archive/Bulletin-COVID/2020-06/v1/Bulletin_juin_2020_covid_19-_Energie_Fr.pdf,bdf0c43f62915cb8d90dcd33018a32603478e0ec8b05e8b0f2230208fccf1d4d,133905,200,2026-06-25T19:49:29Z,,
84fe14b49cd6c3d7,Conjoncture,2017-09,,fr,https://www.energiemines.gov.tn/fileadmin/user_upload/publications/conjoncture_energetique_septembre_2017.pdf,archive/Conjoncture/2017-09/v1/conjoncture_energetique_septembre_2017.pdf,84fe14b49cd6c3d730ad725750c89477fb9725591c9163c0564411490ad904bf,3633461,200,2026-06-25T19:54:15Z,,
34e707cccbc266ca,Conjoncture,2017-10,,fr,https://www.energiemines.gov.tn/fileadmin/user_upload/publications/conjoncture-energetique_octobre_2017.pdf,archive/Conjoncture/2017-10/v1/conjoncture-energetique_octobre_2017.pdf,34e707cccbc266ca3e33acd6d2fcae7c9a302cc31b074d9588f2ee705626f1d9,3991451,200,2026-06-25T19:54:08Z,,
e24dbfaa09cc7648,Conjoncture,2017-11,,fr,https://www.energiemines.gov.tn/fileadmin/user_upload/publications/conjoncture_energetique_novembre_2017.pdf,archive/Conjoncture/2017-11/v1/conjoncture_energetique_novembre_2017.pdf,e24dbfaa09cc764892f489d1bc05c993ed08089aae4e3aaad359891f8ac1dca4,3821794,200,2026-06-25T19:54:12Z,,
6cd18fa98b485827,Conjoncture,2017-12,,fr,https://www.energiemines.gov.tn/fileadmin/user_upload/publications/conjoncture_energetique_decembre_2017.pdf,archive/Conjoncture/2017-12/v1/conjoncture_energetique_decembre_2017.pdf,6cd18fa98b485827906f4fbd2c94b08ff5260bad55c5dff4a3a3b915293d57db,3484310,200,2026-06-25T19:54:10Z,,
0c987b0476c899c5,Conjoncture,2019-12,,fr,https://www.energiemines.gov.tn/fileadmin/docs-u1/Conjoncture_%C3%A9nerg%C3%A9tique_d%C3%A9cembre_2019_.pdf,archive/Conjoncture/2019-12/v1/Conjoncture_énergétique_décembre_2019_.pdf,0c987b0476c899c570b0b77d719d97bdd1a3312bab0343336c8c5e5c28e764b4,2554836,200,2026-06-25T19:51:13Z,,
b64644ae7613f920,Conjoncture,2020-01,,fr,https://www.energiemines.gov.tn/fileadmin/docs-u1/Conjoncture_%C3%A9nerg%C3%A9tique_janvier_2020.pdf,archive/Conjoncture/2020-01/v1/Conjoncture_énergétique_janvier_2020.pdf,b64644ae7613f9208898a35e970d9f166135c67b9db9dc298132c803c761ebef,2235993,200,2026-06-25T19:51:40Z,,
b281d71a7e284d4c,Conjoncture,2020-02,,fr,https://www.energiemines.gov.tn/fileadmin/user_upload/conjoncture-energetique-fevrier-20.pdf,archive/Conjoncture/2020-02/v1/conjoncture-energetique-fevrier-20.pdf,b281d71a7e284d4c9721212fbcc6367892b673dbe36424c798eb72900392d789,1201455,200,2026-06-25T19:54:05Z,,
e3e3f43e2e08a38c,Conjoncture,2020-03,,fr,https://www.energiemines.gov.tn/fileadmin/docs-u1/Conjoncture_%C3%A9nerg%C3%A9tique_Mars_2020.pdf,archive/Conjoncture/2020-03/v1/Conjoncture_énergétique_Mars_2020.pdf,e3e3f43e2e08a38c5e8349f95021c8559bd7dbda1fdca42d6f2e89d3ff3d6d17,2386489,200,2026-06-25T19:50:16Z,,
6d362534b37978f9,Conjoncture,2020-04,,fr,https://www.energiemines.gov.tn/fileadmin/docs-u1/Conjoncture_%C3%A9nerg%C3%A9tique_avril_2020.pdf,archive/Conjoncture/2020-04/v1/Conjoncture_énergétique_avril_2020.pdf,6d362534b37978f9c2523f7c79931b5c53f1a33b9eec938eee909bd21138f9dd,2116878,200,2026-06-25T19:51:00Z,,
ef4f39713f517273,Conjoncture,2020-05,,fr,https://www.energiemines.gov.tn/fileadmin/docs-u1/Conjoncture_%C3%A9nerg%C3%A9tique_mai_2020.pdf,archive/Conjoncture/2020-05/v1/Conjoncture_énergétique_mai_2020.pdf,ef4f39713f517273466d0d89947326e1f73740add20596a743323820ad758d21,1755228,200,2026-06-25T19:52:14Z,,
564ca3b3e2db656d,Conjoncture,2020-06,,fr,https://www.energiemines.gov.tn/fileadmin/docs-u1/Conjoncture_%C3%A9nerg%C3%A9tique_juin_2020.pdf,archive/Conjoncture/2020-06/v1/Conjoncture_énergétique_juin_2020.pdf,564ca3b3e2db656d7bf1c18d554735f2ad73413ea54f8110eae7570a9aec41c9,2071431,200,2026-06-25T19:51:58Z,,
91705be8923b6ef3,Conjoncture,2020-06,,ar,https://www.energiemines.gov.tn/fileadmin/docs-u1/Conjoncture_%C3%A9nerg%C3%A9tique_juin_2020__Ar_.pdf,archive/Conjoncture/2020-06/v1/Conjoncture_énergétique_juin_2020__Ar_.pdf,91705be8923b6ef30ea9c9d58adf6167e6e1030d12abeae9402e573fac1abfed,950637,200,2026-06-25T19:52:00Z,,
09031aee935a01f1,Conjoncture,2020-07,,fr,https://www.energiemines.gov.tn/fileadmin/docs-u1/Conjoncture_%C3%A9nerg%C3%A9tique_juillet_2020.pdf,archive/Conjoncture/2020-07/v1/Conjoncture_énergétique_juillet_2020.pdf,09031aee935a01f1cd22846cfa1e21b55336f7644b9132a30a12bbdba0fd0869,1150744,200,2026-06-25T19:51:49Z,,
3812fee7bfff2821,Conjoncture,2020-07,,ar,https://www.energiemines.gov.tn/fileadmin/docs-u1/Conjoncture_%C3%A9nerg%C3%A9tique_juillet_2020__Ar_.pdf,archive/Conjoncture/2020-07/v1/Conjoncture_énergétique_juillet_2020__Ar_.pdf,3812fee7bfff2821f711e68789f52b87315f27fd9cd2eacd049b2b4884663be6,1179487,200,2026-06-25T19:51:50Z,,
9fcf64e6d00d98cc,Conjoncture,2020-08,,ar,https://www.energiemines.gov.tn/fileadmin/docs-u1/Conjoncture_%C3%A9nerg%C3%A9tique_ao%C3%BBt_2020_Ar.pdf,archive/Conjoncture/2020-08/v1/Conjoncture_énergétique_août_2020_Ar.pdf,9fcf64e6d00d98cc5914c7879ba39eaa6d563b9d0be71d6c8a4532ff16ebe04b,1034164,200,2026-06-25T19:50:51Z,,
6067449d2fb89797,Conjoncture,2020-08,,fr,https://www.energiemines.gov.tn/fileadmin/docs-u1/Conjoncture_%C3%A9nerg%C3%A9tique_ao%C3%BBt_2020_FR.pdf,archive/Conjoncture/2020-08/v1/Conjoncture_énergétique_août_2020_FR.pdf,6067449d2fb89797b255ee3048845987f0acfdab70e065d499ed02658c810cde,2033827,200,2026-06-25T19:50:52Z,,
bb4f95c1a49f252d,Conjoncture,2020-09,,ar,https://www.energiemines.gov.tn/fileadmin/docs-u1/Conjoncture_%C3%A9nerg%C3%A9tique_septembre_2020___Resum%C3%A9_Ar_.pdf,archive/Conjoncture/2020-09/v1/Conjoncture_énergétique_septembre_2020___Resumé_Ar_.pdf,bb4f95c1a49f252df34b2d80abf99efb10df765bf23abc4e059b52851552c48a,1016456,200,2026-06-25T19:53:00Z,,
27b298fc7d62afbe,Conjoncture,2020-09,,fr,https://www.energiemines.gov.tn/fileadmin/docs-u1/Conjoncture_%C3%A9nerg%C3%A9tique_septembre_2020__fr_.pdf,archive/Conjoncture/2020-09/v1/Conjoncture_énergétique_septembre_2020__fr_.pdf,27b298fc7d62afbe949751d49c756480bb4ef015590fd87c7f8781fcf603c730,2297527,200,2026-06-25T19:53:01Z,,
65398ed97cfafc4d,Conjoncture,2020-10,,ar,https://www.energiemines.gov.tn/fileadmin/docs-u1/Conjoncture_%C3%A9nerg%C3%A9tique_octobre_2020-_resum%C3%A9_AR.pdf,archive/Conjoncture/2020-10/v1/Conjoncture_énergétique_octobre_2020-_resumé_AR.pdf,65398ed97cfafc4dfdb2fa13070c2e81cdd28b64032245919a6353053f22521b,1202325,200,2026-06-25T19:52:51Z,,
baa25149d1db19f2,Conjoncture,2020-10,,fr,https://www.energiemines.gov.tn/fileadmin/docs-u1/Conjoncture_%C3%A9nerg%C3%A9tique_octobre_2020_FR.pdf,archive/Conjoncture/2020-10/v1/Conjoncture_énergétique_octobre_2020_FR.pdf,baa25149d1db19f28f43c2857307637600934a5e929bbf560ea98b3caf1d0a82,2297891,200,2026-06-25T19:52:52Z,,
e464548c584f54cf,Conjoncture,2020-11,,fr,https://www.energiemines.gov.tn/fileadmin/docs-u1/Conjoncture_%C3%A9nerg%C3%A9tique_novembre_2020_Fr.pdf,archive/Conjoncture/2020-11/v1/Conjoncture_énergétique_novembre_2020_Fr.pdf,e464548c584f54cf344f5219817b5b120b331df765b5543081c6ad6b29b7572b,2120452,200,2026-06-25T19:52:39Z,,
60167cc2e942473a,Conjoncture,2020-11,,ar,https://www.energiemines.gov.tn/fileadmin/docs-u1/Conjoncture_%C3%A9nerg%C3%A9tique_novembre_2020_resum%C3%A9_AR.pdf,archive/Conjoncture/2020-11/v1/Conjoncture_énergétique_novembre_2020_resumé_AR.pdf,60167cc2e942473a746400f8308375203dedf930f07a172b2a66ebe643c80224,1052279,200,2026-06-25T19:52:41Z,,
4a0a7851c1175b22,Conjoncture,2020-12,,fr,https://www.energiemines.gov.tn/fileadmin/docs-u1/Conjoncture_%C3%A9nerg%C3%A9tique_d%C3%A9cembre_2020_Fr_.pdf,archive/Conjoncture/2020-12/v1/Conjoncture_énergétique_décembre_2020_Fr_.pdf,4a0a7851c1175b224dc4c3dad7036bddfbe3fb33e12ce7337b946a6df6e02624,2617303,200,2026-06-25T19:51:15Z,,
4ba36f3640a61556,Conjoncture,2020-12,,ar,https://www.energiemines.gov.tn/fileadmin/docs-u1/Conjoncture_%C3%A9nerg%C3%A9tique_d%C3%A9cembre_2020_resum%C3%A9_Ar_.pdf,archive/Conjoncture/2020-12/v1/Conjoncture_énergétique_décembre_2020_resumé_Ar_.pdf,4ba36f3640a615566ab1b1da7e8abb5b5033488c6cc426b6e4ed03db81f7d6ea,1113303,200,2026-06-25T19:51:16Z,,
52e1f35b06a5bef5,Conjoncture,2021-01,,ar,https://www.energiemines.gov.tn/fileadmin/docs-u1/Conjoncture_%C3%A9nerg%C3%A9tique_Janvier_2021_Ar_resum%C3%A9_vf.pdf,archive/Conjoncture/2021-01/v1/Conjoncture_énergétique_Janvier_2021_Ar_resumé_vf.pdf,52e1f35b06a5bef5017bf86c3d823e6b6eaa30a66d14de1fe892d0e02e9c89bb,1120987,200,2026-06-25T19:50:08Z,,
8e575d8452425f42,Conjoncture,2021-01,,fr,https://www.energiemines.gov.tn/fileadmin/docs-u1/Conjoncture_%C3%A9nerg%C3%A9tique_Janvier_2021_Fr_vf.pdf,archive/Conjoncture/2021-01/v1/Conjoncture_énergétique_Janvier_2021_Fr_vf.pdf,8e575d8452425f4224d35376f2bc41a513c662b3ee6434cb52b2fafcd099a845,2229706,200,2026-06-25T19:50:09Z,,
04be23371c6f2afe,Conjoncture,2021-02,,ar,https://www.energiemines.gov.tn/fileadmin/docs-u1/Conjoncture_%C3%A9nerg%C3%A9tique_f%C3%A9vrier_2021_Resum%C3%A9_Ar.pdf,archive/Conjoncture/2021-02/v1/Conjoncture_énergétique_février_2021_Resumé_Ar.pdf,04be23371c6f2afe322e0b4c3d02c15cb69f4d5afd4dc01f4e532c99ed9c16cc,1067648,200,2026-06-25T19:51:25Z,,
e75a7b6b4fb863f5,Conjoncture,2021-02,,fr,https://www.energiemines.gov.tn/fileadmin/docs-u1/Conjoncture_%C3%A9nerg%C3%A9tique_f%C3%A9vrier_2021_fr.pdf,archive/Conjoncture/2021-02/v1/Conjoncture_énergétique_février_2021_fr.pdf,e75a7b6b4fb863f523a5001bcf6f8f9f05b0961cf5b415e8952a5f51e96a7675,1917599,200,2026-06-25T19:51:27Z,,
e14cf97f771787bd,Conjoncture,2021-03,,fr,https://www.energiemines.gov.tn/fileadmin/docs-u1/Conjoncture_%C3%A9nerg%C3%A9tique_mars_2021_Fr.vf.pdf,archive/Conjoncture/2021-03/v1/Conjoncture_énergétique_mars_2021_Fr.vf.pdf,e14cf97f771787bd790ea97425694b528c71505b4c2f53c4cd6796882abac788,2130476,200,2026-06-25T19:52:27Z,,
41597389fe5d263d,Conjoncture,2021-03,,ar,https://www.energiemines.gov.tn/fileadmin/docs-u1/Conjoncture_%C3%A9nerg%C3%A9tique_mars_2021_R%C3%A9sum%C3%A9_Ar.vf.pdf,archive/Conjoncture/2021-03/v1/Conjoncture_énergétique_mars_2021_Résumé_Ar.vf.pdf,41597389fe5d263dba7ef438406b52d0026f73c78d7f216b5ed5a1da0dd22660,1135826,200,2026-06-25T19:52:29Z,,
02a865a51e791781,Conjoncture,2021-04,,ar,https://www.energiemines.gov.tn/fileadmin/docs-u1/Conjoncture_%C3%A9nerg%C3%A9tique_avril_2021_Ar_resum%C3%A9.vf.pdf,archive/Conjoncture/2021-04/v1/Conjoncture_énergétique_avril_2021_Ar_resumé.vf.pdf,02a865a51e791781fce631f9c803631c36c02a9da06a7f0cf8c8d7a93a3ff788,2201650,200,2026-06-25T19:51:02Z,,
e57f3007bac22cf5,Conjoncture,2021-04,,fr,https://www.energiemines.gov.tn/fileadmin/docs-u1/Conjoncture_%C3%A9nerg%C3%A9tique_avril_2021_Fr.vf.pdf,archive/Conjoncture/2021-04/v1/Conjoncture_énergétique_avril_2021_Fr.vf.pdf,e57f3007bac22cf5207ff96318e82635a74a9c138c76dfcf546cbeb94f98a5d1,2077269,200,2026-06-25T19:51:04Z,,
eb448dddb0a84f10,Conjoncture,2021-05,,ar,https://www.energiemines.gov.tn/fileadmin/docs-u1/Conjoncture_%C3%A9nerg%C3%A9tique_mai_2021-_Ar_resum%C3%A9.pdf,archive/Conjoncture/2021-05/v1/Conjoncture_énergétique_mai_2021-_Ar_resumé.pdf,eb448dddb0a84f109a68b18bbac66cb1508d34b2a2cf725ea53e97ae0c32d64f,1189837,200,2026-06-25T19:52:15Z,,
7181b735e2d2b4c1,Conjoncture,2021-05,,fr,https://www.energiemines.gov.tn/fileadmin/docs-u1/Conjoncture_%C3%A9nerg%C3%A9tique_mai_2021-_Fr.pdf,archive/Conjoncture/2021-05/v1/Conjoncture_énergétique_mai_2021-_Fr.pdf,7181b735e2d2b4c1e573d120426b0b303ca2bdb585703e3e58c8cbd7c3bf38c2,2336248,200,2026-06-25T19:52:17Z,,
f53971775206f3ed,Conjoncture,2021-06,,fr,https://www.energiemines.gov.tn/fileadmin/docs-u1/Conjoncture_%C3%A9nerg%C3%A9tique_juin_2021.Fr.pdf,archive/Conjoncture/2021-06/v1/Conjoncture_énergétique_juin_2021.Fr.pdf,f53971775206f3ede5750c26e77ab66b1c3cadc4775ffdf894bf808fde2ad2d2,2063669,200,2026-06-25T19:52:01Z,,
e452a34fada75b67,Conjoncture,2021-06,,ar,https://www.energiemines.gov.tn/fileadmin/docs-u1/Conjoncture_%C3%A9nerg%C3%A9tique_juin_2021.R%C3%A9sum%C3%A9_Ar.pdf,archive/Conjoncture/2021-06/v1/Conjoncture_énergétique_juin_2021.Résumé_Ar.pdf,e452a34fada75b67edc7a59bfe6a56e5cd9b23a3e6ad3a544cfaf245e5e716aa,1170058,200,2026-06-25T19:52:03Z,,
0d0885708e7793df,Conjoncture,2021-07,,fr,https://www.energiemines.gov.tn/fileadmin/docs-u1/Conjoncture_%C3%A9nerg%C3%A9tique_juillet_2021_Fr.pdf,archive/Conjoncture/2021-07/v1/Conjoncture_énergétique_juillet_2021_Fr.pdf,0d0885708e7793dfdc31bd30211e49e6b78ebe569a82dd1e44ddbcd5bac4178b,2328692,200,2026-06-25T19:51:52Z,,
e2f9bdf06c9ef05a,Conjoncture,2021-07,,ar,https://www.energiemines.gov.tn/fileadmin/docs-u1/Conjoncture_%C3%A9nerg%C3%A9tique_juillet_2021_resum%C3%A9_Ar.pdf,archive/Conjoncture/2021-07/v1/Conjoncture_énergétique_juillet_2021_resumé_Ar.pdf,e2f9bdf06c9ef05a759bd5ccffbf735d3f1c95416bdfbdb5768f83f142c62f52,1051616,200,2026-06-25T19:51:53Z,,
18e86813f4417988,Conjoncture,2021-08,,fr,https://www.energiemines.gov.tn/fileadmin/docs-u1/Conjoncture_%C3%A9nerg%C3%A9tique_ao%C3%BBt_2021_Fr.pdf,archive/Conjoncture/2021-08/v1/Conjoncture_énergétique_août_2021_Fr.pdf,18e86813f44179881c15d4cbda477aee1a433d8e6a5c7f7b2103e341679a70c9,2211858,200,2026-06-25T19:50:54Z,,
44454d2c40bad93c,Conjoncture,2021-08,,ar,https://www.energiemines.gov.tn/fileadmin/docs-u1/Conjoncture_%C3%A9nerg%C3%A9tique_ao%C3%BBt_2021_Resum%C3%A9_Ar.pdf,archive/Conjoncture/2021-08/v1/Conjoncture_énergétique_août_2021_Resumé_Ar.pdf,44454d2c40bad93c3439f5248fc2494f1841679de33f431e33bc9cc577c765b5,1109834,200,2026-06-25T19:50:55Z,,
24162b559938d0a8,Conjoncture,2021-09,,fr,https://www.energiemines.gov.tn/fileadmin/docs-u1/Conjoncture_%C3%A9nerg%C3%A9tique_septembre_2021-_Fr.pdf,archive/Conjoncture/2021-09/v1/Conjoncture_énergétique_septembre_2021-_Fr.pdf,24162b559938d0a88fc7d0f6bb49334b772277dce12cca930b599e516c0d2836,2148569,200,2026-06-25T19:53:03Z,,
85e232fa3793d92f,Conjoncture,2021-09,,ar,https://www.energiemines.gov.tn/fileadmin/docs-u1/Conjoncture_%C3%A9nerg%C3%A9tique_septembre_2021_Resum%C3%A9_Ar.pdf,archive/Conjoncture/2021-09/v1/Conjoncture_énergétique_septembre_2021_Resumé_Ar.pdf,85e232fa3793d92f41506ea0b60b9596fcfe62dbe7ce5e6685eec9bb42b5b8f1,2918354,200,2026-06-25T19:53:04Z,,
d66125f9232ffafb,Conjoncture,2021-10,,fr,https://www.energiemines.gov.tn/fileadmin/docs-u1/Conjoncture_%C3%A9nerg%C3%A9tique_octobre_2021-_F.pdf,archive/Conjoncture/2021-10/v1/Conjoncture_énergétique_octobre_2021-_F.pdf,d66125f9232ffafb0759fb047e84789af7d75569f5119af4deefe779c55ac205,2160113,200,2026-06-25T19:52:54Z,,
b363a6528b7c19d0,Conjoncture,2021-10,,ar,https://www.energiemines.gov.tn/fileadmin/docs-u1/Conjoncture_%C3%A9nerg%C3%A9tque_octobre_2021-_Ar-_r%C3%A9sum%C3%A9.pdf,archive/Conjoncture/2021-10/v1/Conjoncture_énergétque_octobre_2021-_Ar-_résumé.pdf,b363a6528b7c19d0442a265697ff5fe80b17261b28188b6d1b12cb497568c6e6,1210920,200,2026-06-25T19:53:11Z,,
58b8b185927053d7,Conjoncture,2021-11,,fr,https://www.energiemines.gov.tn/fileadmin/docs-u1/Conjoncture_%C3%A9nerg%C3%A9tique_novembre_2021.pdf,archive/Conjoncture/2021-11/v1/Conjoncture_énergétique_novembre_2021.pdf,58b8b185927053d7c66a7ec1bc8fe266aebcb1c00e16740ad5abdd9208d850c9,2480375,200,2026-06-25T19:52:43Z,,
fb3144b711e21370,Conjoncture,2021-11,,ar,https://www.energiemines.gov.tn/fileadmin/docs-u1/Conjoncture_%C3%A9nerg%C3%A9tique_novembre_2021_R%C3%A9sum%C3%A9_Ar.pdf,archive/Conjoncture/2021-11/v1/Conjoncture_énergétique_novembre_2021_Résumé_Ar.pdf,fb3144b711e213709fa1029f41b6e6027669c40e3b989585ca14d6d7b5f07908,1107483,200,2026-06-25T19:52:44Z,,
8ed13e807d69c29f,Conjoncture,2021-12,,fr,https://www.energiemines.gov.tn/fileadmin/docs-u1/Conjoncture_%C3%A9nerg%C3%A9tique_d%C3%A9cembre_2021_Fr_VF.pdf,archive/Conjoncture/2021-12/v1/Conjoncture_énergétique_décembre_2021_Fr_VF.pdf,8ed13e807d69c29f30e8da7b92fc48c8193bdd874f2ad77ec30335794958298d,2191160,200,2026-06-25T19:51:18Z,,
d14dab88629960bc,Conjoncture,2021-12,,ar,https://www.energiemines.gov.tn/fileadmin/docs-u1/Conjoncture_%C3%A9nerg%C3%A9tique_d%C3%A9cembre_2021_R%C3%A9sum%C3%A9_Ar_VF.pdf,archive/Conjoncture/2021-12/v1/Conjoncture_énergétique_décembre_2021_Résumé_Ar_VF.pdf,d14dab88629960bc7560b9c4a48d00834517b669eaa854219a2aad933309791b,1146745,200,2026-06-25T19:51:20Z,,
54139c64b96d5473,Conjoncture,2022-01,,ar,https://www.energiemines.gov.tn/fileadmin/docs-u1/Conjoncture_%C3%A9nerg%C3%A9tique_Janvier_2022_Ar.pdf,archive/Conjoncture/2022-01/v1/Conjoncture_énergétique_Janvier_2022_Ar.pdf,54139c64b96d54731be523e814c4b6b73c4baa4eb912202e543bb8d05beec144,2716238,200,2026-06-25T19:50:11Z,,
b0da8a8198df4563,Conjoncture,2022-01,,fr,https://www.energiemines.gov.tn/fileadmin/docs-u1/Conjoncture_%C3%A9nerg%C3%A9tique_Janvier_2022_Fr.pdf,archive/Conjoncture/2022-01/v1/Conjoncture_énergétique_Janvier_2022_Fr.pdf,b0da8a8198df4563aa955d74f05babe496cd3cb3438274ff4f4734677ae3712c,3486094,200,2026-06-25T19:50:12Z,,
5df638fef12c750c,Conjoncture,2022-02,,ar,https://www.energiemines.gov.tn/fileadmin/docs-u1/Conjoncture_%C3%A9nerg%C3%A9tique_f%C3%A9vrier_2022-Ar-_Resum%C3%A9.pdf,archive/Conjoncture/2022-02/v1/Conjoncture_énergétique_février_2022-Ar-_Resumé.pdf,5df638fef12c750c4a6367db9a962b6a99136a62fa5719a6ed65cb64be779404,1099994,200,2026-06-25T19:51:28Z,,
927184c4ec5c0424,Conjoncture,2022-02,,fr,https://www.energiemines.gov.tn/fileadmin/docs-u1/Conjoncture_%C3%A9nerg%C3%A9tique_f%C3%A9vrier_2022-Fr.pdf,archive/Conjoncture/2022-02/v1/Conjoncture_énergétique_février_2022-Fr.pdf,927184c4ec5c0424c68022c98532ac98d8657723a58682a7d63bf30aefc9d282,2024536,200,2026-06-25T19:51:30Z,,
69d1c34d561e1b17,Conjoncture,2022-03,,ar,https://www.energiemines.gov.tn/fileadmin/docs-u1/Conjoncture_%C3%A9nerg%C3%A9tique__mars_2022-Ar-_Resum%C3%A9.pdf,archive/Conjoncture/2022-03/v1/Conjoncture_énergétique__mars_2022-Ar-_Resumé.pdf,69d1c34d561e1b17121cc4a2cdf23c4b043f13bc9d0bad30090a1ee081cb13a8,1233152,200,2026-06-25T19:50:41Z,,
106fbd79758e5620,Conjoncture,2022-03,,fr,https://www.energiemines.gov.tn/fileadmin/docs-u1/Conjoncture_%C3%A9nerg%C3%A9tique_mars_2022-Fr.pdf,archive/Conjoncture/2022-03/v1/Conjoncture_énergétique_mars_2022-Fr.pdf,106fbd79758e5620b8c80bfee6940ed8b87b8542790acf4ea4c0e66505e5dc69,2132754,200,2026-06-25T19:52:30Z,,
f043f15fbff54714,Conjoncture,2022-04,,ar,https://www.energiemines.gov.tn/fileadmin/docs-u1/Conjoncture_%C3%A9nerg%C3%A9tique__avril_2022-Ar-_Resum%C3%A9.pdf,archive/Conjoncture/2022-04/v1/Conjoncture_énergétique__avril_2022-Ar-_Resumé.pdf,f043f15fbff5471472381ccf580ddbe8386839deb7619f292cc450d1e2a40907,3064200,200,2026-06-25T19:50:24Z,,
f6dc25e41e693da5,Conjoncture,2022-04,,fr,https://www.energiemines.gov.tn/fileadmin/docs-u1/Conjoncture_%C3%A9nerg%C3%A9tique__avril_2022-Fr.pdf,archive/Conjoncture/2022-04/v1/Conjoncture_énergétique__avril_2022-Fr.pdf,f6dc25e41e693da552fe42d87d1cc4be91f99398da81fc90a20324305daa1866,2118991,200,2026-06-25T19:50:26Z,,
ee210d3105e4b628,Conjoncture,2022-05,updated,ar,https://www.energiemines.gov.tn/fileadmin/docs-u1/Conjoncture_%C3%A9nerg%C3%A9tique_mai_2022-R%C3%A9sum%C3%A9_Ar_updated.pdf,archive/Conjoncture/2022-05/updated/Conjoncture_énergétique_mai_2022-Résumé_Ar_updated.pdf,ee210d3105e4b628bc385fdbca9e3f923f197a37f52679a35ea0bbea93a348b3,2753439,200,2026-06-25T19:52:18Z,,
aa1f0d62aec65162,Conjoncture,2022-05,updated,fr,https://www.energiemines.gov.tn/fileadmin/docs-u1/Conjoncture_%C3%A9nerg%C3%A9tique_mai_2022-version_Fr_updated.pdf,archive/Conjoncture/2022-05/updated/Conjoncture_énergétique_mai_2022-version_Fr_updated.pdf,aa1f0d62aec651627fe7d7e778b51a5f49fe93e89478697549e89690edca7f79,3582102,200,2026-06-25T19:52:20Z,,
795e1637e32ce1bf,Conjoncture,2022-06,,ar,https://www.energiemines.gov.tn/fileadmin/docs-u1/Conjoncture_%C3%A9nerg%C3%A9tique_juin_2022-R%C3%A9sum%C3%A9_Ar.pdf,archive/Conjoncture/2022-06/v1/Conjoncture_énergétique_juin_2022-Résumé_Ar.pdf,795e1637e32ce1bf82a27d6f034c5a2805408b3e135e4b2f43a594c27e39d64e,2759605,200,2026-06-25T19:52:04Z,,
4eb204088b4f3538,Conjoncture,2022-06,,fr,https://www.energiemines.gov.tn/fileadmin/docs-u1/Conjoncture_%C3%A9nerg%C3%A9tique_juin_2022-version_Fr.pdf,archive/Conjoncture/2022-06/v1/Conjoncture_énergétique_juin_2022-version_Fr.pdf,4eb204088b4f3538c75f824894c8b95b7764de4766ead95077551c84699f69a4,3488418,200,2026-06-25T19:52:06Z,,
9b69d18ef63ae345,Conjoncture,2022-07,,ar,https://www.energiemines.gov.tn/fileadmin/docs-u1/Conjoncture_%C3%A9nerg%C3%A9tique__juillet_2022-Ar-_Resum%C3%A9.pdf,archive/Conjoncture/2022-07/v1/Conjoncture_énergétique__juillet_2022-Ar-_Resumé.pdf,9b69d18ef63ae345908a2f48a79af120621a6b5835c6c05db472d20d4508fd2f,1244427,200,2026-06-25T19:50:36Z,,
0448a3fa1f6beb2a,Conjoncture,2022-07,,fr,https://www.energiemines.gov.tn/fileadmin/docs-u1/Conjoncture_%C3%A9nerg%C3%A9tique_juillet_2022-version_Fr.pdf,archive/Conjoncture/2022-07/v1/Conjoncture_énergétique_juillet_2022-version_Fr.pdf,0448a3fa1f6beb2aef7723f839773c8782f989ec0c40a8ffa19a057982b68f86,2175380,200,2026-06-25T19:51:55Z,,
12be3b422c45083d,Conjoncture,2022-08,,ar,https://www.energiemines.gov.tn/fileadmin/docs-u1/Conjoncture_%C3%A9nerg%C3%A9tique__aout_2022-Ar-_Resum%C3%A9.pdf,archive/Conjoncture/2022-08/v1/Conjoncture_énergétique__aout_2022-Ar-_Resumé.pdf,12be3b422c45083dc7b899dace6e08bcc75cf0fb6b74aabab9bb571872afbac1,2717404,200,2026-06-25T19:50:22Z,,
6825d5181c6ffed8,Conjoncture,2022-08,,fr,https://www.energiemines.gov.tn/fileadmin/docs-u1/Conjoncture_%C3%A9nerg%C3%A9tique_aout_2022-version_Fr.pdf,archive/Conjoncture/2022-08/v1/Conjoncture_énergétique_aout_2022-version_Fr.pdf,6825d5181c6ffed8958ba6a26cf96f6a9dac3b277d0eab9af1a0a7c6b5baa2a9,1997148,200,2026-06-25T19:50:57Z,,
b16b16d5c2c88939,Conjoncture,2022-09,,ar,https://www.energiemines.gov.tn/fileadmin/docs-u1/Conjoncture_%C3%A9nerg%C3%A9tique_septembre_2022-Ar-_Resum%C3%A9.pdf,archive/Conjoncture/2022-09/v1/Conjoncture_énergétique_septembre_2022-Ar-_Resumé.pdf,b16b16d5c2c88939625793919c693de4da4f499d5a95009a3ac3adea93c7894d,2729984,200,2026-06-25T19:53:06Z,,
7dca368e653193d4,Conjoncture,2022-09,,fr,https://www.energiemines.gov.tn/fileadmin/docs-u1/Conjoncture_%C3%A9nerg%C3%A9tique_septembre_2022-version_Fr.pdf,archive/Conjoncture/2022-09/v1/Conjoncture_énergétique_septembre_2022-version_Fr.pdf,7dca368e653193d44e338bfbc0ab2c50dca6b845a2e71fc1a6a84e66bb4213c0,3608975,200,2026-06-25T19:53:08Z,,
b74a450775e67dc7,Conjoncture,2022-10,,ar,https://www.energiemines.gov.tn/fileadmin/docs-u1/Conjoncture_%C3%A9nerg%C3%A9tique_octobre_2022-Ar-_Resum%C3%A9.pdf,archive/Conjoncture/2022-10/v1/Conjoncture_énergétique_octobre_2022-Ar-_Resumé.pdf,b74a450775e67dc7fe78e3c297abad0d1c9f4be8ad698200f477be1b9339e7ad,1139777,200,2026-06-25T19:52:57Z,,
f09f331fe630857a,Conjoncture,2022-10,,fr,https://www.energiemines.gov.tn/fileadmin/docs-u1/Conjoncture_%C3%A9nerg%C3%A9tique_octobre_2022-version_Fr.pdf,archive/Conjoncture/2022-10/v1/Conjoncture_énergétique_octobre_2022-version_Fr.pdf,f09f331fe630857ac7fe253e23e7d7bff041755ef5f6bffa1efca2f6202c100d,2158458,200,2026-06-25T19:52:58Z,,
6db06e508596f3ae,Conjoncture,2022-11,,ar,https://www.energiemines.gov.tn/fileadmin/docs-u1/Conjoncture_%C3%A9nerg%C3%A9tique_novembre_2022-Ar-_Resum%C3%A9.pdf,archive/Conjoncture/2022-11/v1/Conjoncture_énergétique_novembre_2022-Ar-_Resumé.pdf,6db06e508596f3ae07508c64329b8ea90a0ba3e24575dfdeaf4fb7f3e6832244,1138007,200,2026-06-25T19:52:46Z,,
470b509ad9a1889f,Conjoncture,2022-11,,fr,https://www.energiemines.gov.tn/fileadmin/docs-u1/Conjoncture_%C3%A9nerg%C3%A9tique_novembre_2022-version_Fr.pdf,archive/Conjoncture/2022-11/v1/Conjoncture_énergétique_novembre_2022-version_Fr.pdf,470b509ad9a1889f004b21dbb987ccd1e5b4200bd81f7a5d0400d26df01f2b42,1944957,200,2026-06-25T19:52:47Z,,
a5cb5df4bee0f020,Conjoncture,2022-12,VF-2024,fr,https://www.energiemines.gov.tn/fileadmin/docs-u1/Conjoncture_%C3%A9nerg%C3%A9tique_d%C3%A9cembre_2022__VF-2024_.pdf,archive/Conjoncture/2022-12/VF-2024/Conjoncture_énergétique_décembre_2022__VF-2024_.pdf,a5cb5df4bee0f0200bd4d9f1273587c1cbf7ef3a695cd456751c2ba7482920ee,3351427,200,2026-06-25T19:51:22Z,,
cdc8ab5b8f89e14a,Conjoncture,2022-12,محينة,ar,https://www.energiemines.gov.tn/fileadmin/docs-u1/_%D9%88%D8%B6%D8%B9_%D9%82%D8%B7%D8%A7%D8%B9_%D8%A7%D9%84%D8%B7%D8%A7%D9%82%D8%A9_%D8%A7%D9%84%D9%89_%D9%85%D9%88%D9%81%D9%89_%D8%AF%D9%8A%D8%B3%D9%85%D8%A8%D8%B1_2022___%D9%86%D8%B3%D8%AE%D8%A9_%D9%85%D8%AD%D9%8A%D9%86%D8%A9.pdf,archive/Conjoncture/2022-12/_____/_وضع_قطاع_الطاقة_الى_موفى_ديسمبر_2022___نسخة_محينة.pdf,cdc8ab5b8f89e14af487a1bb0012e4b973bbee8f128a6441b788b8ae971f5267,3174644,200,2026-06-25T19:53:54Z,,
13ccf8f25a4b12c1,Conjoncture,2023-01,,ar,https://www.energiemines.gov.tn/fileadmin/docs-u1/Conjoncture_%C3%A9nerg%C3%A9tique_janvier_2023-resum%C3%A9_Ar.pdf,archive/Conjoncture/2023-01/v1/Conjoncture_énergétique_janvier_2023-resumé_Ar.pdf,13ccf8f25a4b12c1850efc32a8551090d62b6edadd732e2f0c4f53c35f998c30,1040626,200,2026-06-25T19:51:42Z,,
8c7a718671876968,Conjoncture,2023-01,,fr,https://www.energiemines.gov.tn/fileadmin/docs-u1/Conjoncture_%C3%A9nerg%C3%A9tique_janvier_2023-version_Fr__06-2023_.pdf,archive/Conjoncture/2023-01/v1/Conjoncture_énergétique_janvier_2023-version_Fr__06-2023_.pdf,8c7a7186718769682f43a5d3e0546760d493ca0f7a1a7adaeb415fbb8f6b18e2,4705665,200,2026-06-25T19:51:43Z,,
b96ef318dc70e1af,Conjoncture,2023-02,,ar,https://www.energiemines.gov.tn/fileadmin/docs-u1/Conjoncture_%C3%A9nerg%C3%A9tique_f%C3%A9vrier_2023-r%C3%A9sum%C3%A9_AR.pdf,archive/Conjoncture/2023-02/v1/Conjoncture_énergétique_février_2023-résumé_AR.pdf,b96ef318dc70e1af68e3808f9ebe238d900a13a9c269f7c7a94577a6e3ab5261,1508153,200,2026-06-25T19:51:31Z,,
1e6b042216672514,Conjoncture,2023-02,,fr,https://www.energiemines.gov.tn/fileadmin/docs-u1/Conjoncture_%C3%A9nerg%C3%A9tique_f%C3%A9vrier_2023__06-2023_.pdf,archive/Conjoncture/2023-02/v1/Conjoncture_énergétique_février_2023__06-2023_.pdf,1e6b0422166725148445b3f89e0e2be8b037a6cb58686152b7965798f92061c2,4643434,200,2026-06-25T19:51:33Z,,
a37c477135a27fc0,Conjoncture,2023-03,,ar,https://www.energiemines.gov.tn/fileadmin/docs-u1/Conjoncture_%C3%A9nerg%C3%A9tique_mars_2023-resum%C3%A9_Ar__06-2023_.pdf,archive/Conjoncture/2023-03/v1/Conjoncture_énergétique_mars_2023-resumé_Ar__06-2023_.pdf,a37c477135a27fc0be626429d29c9b581a963898764996d3f400d8fdc4715761,3087768,200,2026-06-25T19:52:32Z,,
6bfc4feba9670548,Conjoncture,2023-03,,fr,https://www.energiemines.gov.tn/fileadmin/docs-u1/Conjoncture_%C3%A9nerg%C3%A9tique_mars_2023-version_Fr__06-2023_.pdf,archive/Conjoncture/2023-03/v1/Conjoncture_énergétique_mars_2023-version_Fr__06-2023_.pdf,6bfc4feba9670548fdb5cfcc050c02453f59d3768b3da1581dd19a149ab4e880,4637164,200,2026-06-25T19:52:34Z,,
9b951d5252b52ee1,Conjoncture,2023-04,,fr,https://www.energiemines.gov.tn/fileadmin/docs-u1/Conjoncture_%C3%A9nerg%C3%A9tique_avril_2023-version_Fr.pdf,archive/Conjoncture/2023-04/v1/Conjoncture_énergétique_avril_2023-version_Fr.pdf,9b951d5252b52ee1d60e591d6d58ab125b99d401d7bf6c0b9d8477a31c464d6a,4431007,200,2026-06-25T19:51:05Z,,
68b29fd6ddac1b21,Conjoncture,2023-04,,ar,https://www.energiemines.gov.tn/fileadmin/docs-u1/Conjoncture_%C3%A9nerg%C3%A9tique_avril__2023-resum%C3%A9_Ar.pdf,archive/Conjoncture/2023-04/v1/Conjoncture_énergétique_avril__2023-resumé_Ar.pdf,68b29fd6ddac1b213c666410465d208af9e5a0b1f381e3e0f25b394c7181551e,2798571,200,2026-06-25T19:51:11Z,,
c46d8a0af511bdc6,Conjoncture,2023-05,,ar,https://www.energiemines.gov.tn/fileadmin/docs-u1/Conjoncture_%C3%A9nerg%C3%A9tique_mai_2023-resum%C3%A9_Ar.pdf,archive/Conjoncture/2023-05/v1/Conjoncture_énergétique_mai_2023-resumé_Ar.pdf,c46d8a0af511bdc6f4e8b8f8e9b194352df48afa6cf138b817ea051835b73288,2808070,200,2026-06-25T19:52:22Z,,
4da4ae61ec5abc84,Conjoncture,2023-05,,fr,https://www.energiemines.gov.tn/fileadmin/docs-u1/Conjoncture_%C3%A9nerg%C3%A9tique_mai_2023-version_Fr.pdf,archive/Conjoncture/2023-05/v1/Conjoncture_énergétique_mai_2023-version_Fr.pdf,4da4ae61ec5abc84271839b8d329e58b5f8b92090f60fe3ab3f5d6dc6f7683f0,4612358,200,2026-06-25T19:52:23Z,,
646a03d49b4ab6a6,Conjoncture,2023-06,,ar,https://www.energiemines.gov.tn/fileadmin/docs-u1/Conjoncture_%C3%A9nerg%C3%A9tique_juin_2023-resum%C3%A9_Ar.pdf,archive/Conjoncture/2023-06/v1/Conjoncture_énergétique_juin_2023-resumé_Ar.pdf,646a03d49b4ab6a648eaef3b8b95b8e879b087541704b39b23a97184263d7cb1,3051657,200,2026-06-25T19:52:08Z,,
820119369c31f21e,Conjoncture,2023-06,,fr,https://www.energiemines.gov.tn/fileadmin/docs-u1/Conjoncture_%C3%A9nerg%C3%A9tique_juin_2023-version_Fr.pdf,archive/Conjoncture/2023-06/v1/Conjoncture_énergétique_juin_2023-version_Fr.pdf,820119369c31f21ea85592c2226aade510ada9e603899b526c08706354fa012f,4840177,200,2026-06-25T19:52:10Z,,
232654359fb04dbb,Conjoncture,2023-07,,ar,https://www.energiemines.gov.tn/fileadmin/docs-u1/%D9%88%D8%B6%D8%B9_%D9%82%D8%B7%D8%A7%D8%B9_%D8%A7%D9%84%D8%B7%D8%A7%D9%82%D8%A9_%D8%A7%D9%84%D9%89_%D9%85%D9%88%D9%81%D9%89_%D8%AC%D9%88%D9%8A%D9%84%D9%8A%D8%A9_2023.pdf,archive/Conjoncture/2023-07/v1/وضع_قطاع_الطاقة_الى_موفى_جويلية_2023.pdf,232654359fb04dbb0f7ce620448488a3a02fa12a5ae4e83286536219e0e7aff7,2912736,200,2026-06-25T19:48:32Z,,
e38c6bf65d3ddf6a,Conjoncture,2023-07,,fr,https://www.energiemines.gov.tn/fileadmin/docs-u1/Conjoncture_%C3%A9nerg%C3%A9tique_Juillet__2023.pdf,archive/Conjoncture/2023-07/v1/Conjoncture_énergétique_Juillet__2023.pdf,e38c6bf65d3ddf6a0f6b3b64e186ed2d268e561f164219c9b4e3fc84ad589dad,3362642,200,2026-06-25T19:50:14Z,,
128d47a12cc83ebd,Conjoncture,2023-08,,ar,https://www.energiemines.gov.tn/fileadmin/docs-u1/%D9%88%D8%B6%D8%B9_%D9%82%D8%B7%D8%A7%D8%B9_%D8%A7%D9%84%D8%B7%D8%A7%D9%82%D8%A9_%D8%A7%D9%84%D9%89_%D9%85%D9%88%D9%81%D9%89_%D8%A3%D9%88%D8%AA_2023.pdf,archive/Conjoncture/2023-08/v1/وضع_قطاع_الطاقة_الى_موفى_أوت_2023.pdf,128d47a12cc83ebd61e91eb0a36d9f70eabb8500beecf0a176635af98a177f3b,3100788,200,2026-06-25T19:48:30Z,,
1f3dd63d9b27a175,Conjoncture,2023-08,,fr,https://www.energiemines.gov.tn/fileadmin/docs-u1/Conjoncture_%C3%A9nerg%C3%A9tique_aout_2023.pdf,archive/Conjoncture/2023-08/v1/Conjoncture_énergétique_aout_2023.pdf,1f3dd63d9b27a175f6d673345fdad52b0a9f78e3c40a1fa10e5861fa5b863dc0,3348911,200,2026-06-25T19:50:58Z,,
73a8a21accd50e55,Conjoncture,2023-09,,ar,https://www.energiemines.gov.tn/fileadmin/docs-u1/%D9%88%D8%B6%D8%B9_%D9%82%D8%B7%D8%A7%D8%B9_%D8%A7%D9%84%D8%B7%D8%A7%D9%82%D8%A9_%D8%A7%D9%84%D9%89_%D9%85%D9%88%D9%81%D9%89_%D8%B3%D8%A8%D8%AA%D9%85%D8%A8%D8%B1_2023.pdf,archive/Conjoncture/2023-09/v1/وضع_قطاع_الطاقة_الى_موفى_سبتمبر_2023.pdf,73a8a21accd50e55a8e530f15af178f815356e0f8050b3f4e80822528660ad43,2897461,200,2026-06-25T19:48:34Z,,
a3902a2bf2fa7ad5,Conjoncture,2023-09,,fr,https://www.energiemines.gov.tn/fileadmin/docs-u1/Conjoncture_%C3%A9nerg%C3%A9tique_septembre_2023.pdf,archive/Conjoncture/2023-09/v1/Conjoncture_énergétique_septembre_2023.pdf,a3902a2bf2fa7ad5e6af777e871d7bede59d91c8ab0df40d39024801e9c81661,2940156,200,2026-06-25T19:53:10Z,,
0da31864eed55120,Conjoncture,2023-10,,ar,https://www.energiemines.gov.tn/fileadmin/docs-u1/%D9%88%D8%B6%D8%B9_%D9%82%D8%B7%D8%A7%D8%B9_%D8%A7%D9%84%D8%B7%D8%A7%D9%82%D8%A9_%D8%A7%D9%84%D9%89_%D9%85%D9%88%D9%81%D9%89_%D8%A3%D9%83%D8%AA%D9%88%D8%A8%D8%B1_2023.pdf,archive/Conjoncture/2023-10/v1/وضع_قطاع_الطاقة_الى_موفى_أكتوبر_2023.pdf,0da31864eed5512022d5be86e0bf5f2f4c62e3fc2f84c817545d514c48f6cc0f,3093093,200,2026-06-25T19:48:29Z,,
ac1ad6dbe0938de0,Conjoncture,2023-10,,fr,https://www.energiemines.gov.tn/fileadmin/docs-u1/Conjoncture_%C3%A9nerg%C3%A9tique_Octobre_2023.pdf,archive/Conjoncture/2023-10/v1/Conjoncture_énergétique_Octobre_2023.pdf,ac1ad6dbe0938de0bc086e2ac5588b445a442d7c0923b6121dd896a342782dea,4660643,200,2026-06-25T19:50:18Z,,
5a831672ca093cc6,Conjoncture,2023-11,,ar,https://www.energiemines.gov.tn/fileadmin/docs-u1/%D9%88%D8%B6%D8%B9_%D9%82%D8%B7%D8%A7%D8%B9_%D8%A7%D9%84%D8%B7%D8%A7%D9%82%D8%A9_%D8%A7%D9%84%D9%89_%D9%85%D9%88%D9%81%D9%89_%D9%86%D9%88%D9%81%D9%85%D8%A8%D8%B1_2023.pdf,archive/Conjoncture/2023-11/v1/وضع_قطاع_الطاقة_الى_موفى_نوفمبر_2023.pdf,5a831672ca093cc6a27812e63112ca4c80dac4704161d726605512dd04a2fdd4,3127860,200,2026-06-25T19:48:35Z,,
f045c3f6447b15ff,Conjoncture,2023-11,,fr,https://www.energiemines.gov.tn/fileadmin/docs-u1/Conjoncture_%C3%A9nerg%C3%A9tique_novembre_2023.pdf,archive/Conjoncture/2023-11/v1/Conjoncture_énergétique_novembre_2023.pdf,f045c3f6447b15ff2e1a53d3cd700703886263eae71e399dfcc9f2873418940e,3456465,200,2026-06-25T19:52:49Z,,
fa6f3b8efb0aaa05,Conjoncture,2023-12,v_2024,fr,https://www.energiemines.gov.tn/fileadmin/docs-u1/Conjoncture_%C3%A9nerg%C3%A9tique_d%C3%A9cembre_2023___v_2024_.pdf,archive/Conjoncture/2023-12/v_2024/Conjoncture_énergétique_décembre_2023___v_2024_.pdf,fa6f3b8efb0aaa055e164e5ad0e26d2dc83142decebde5d7ae30e43f39b51d4a,4651945,200,2026-06-25T19:51:23Z,,
c5cc21c0c6f31d61,Conjoncture,2023-12,محينة,ar,https://www.energiemines.gov.tn/fileadmin/docs-u1/%D9%88%D8%B6%D8%B9_%D9%82%D8%B7%D8%A7%D8%B9_%D8%A7%D9%84%D8%B7%D8%A7%D9%82%D8%A9_%D8%AE%D9%84%D8%A7%D9%84_%D8%B3%D9%86%D8%A9_2023_%D9%85%D8%AD%D9%8A%D9%86%D8%A9.pdf,archive/Conjoncture/2023-12/_____/وضع_قطاع_الطاقة_خلال_سنة_2023_محينة.pdf,c5cc21c0c6f31d611ab6bbb929ae8a6d22a052c18e789f5edf5ad7d3fb91e7ab,3133916,200,2026-06-25T19:48:42Z,,AR annual recap
e4ee2c3fddb4c0dc,Conjoncture,2024-01,,ar,https://www.energiemines.gov.tn/fileadmin/docs-u1/%D9%88%D8%B6%D8%B9_%D9%82%D8%B7%D8%A7%D8%B9_%D8%A7%D9%84%D8%B7%D8%A7%D9%82%D8%A9_%D8%AE%D9%84%D8%A7%D9%84_%D8%AC%D8%A7%D9%86%D9%81%D9%8A__2024.pdf,archive/Conjoncture/2024-01/v1/وضع_قطاع_الطاقة_خلال_جانفي__2024.pdf,e4ee2c3fddb4c0dc0152afbf6b129d7231c4a431e953fcf5d56dc4c50aad76ba,3026663,200,2026-06-25T19:48:39Z,,
f009a35a42b2366f,Conjoncture,2024-01,,fr,https://www.energiemines.gov.tn/fileadmin/docs-u1/Conjoncture_%C3%A9nerg%C3%A9tique_janvier_2024.pdf,archive/Conjoncture/2024-01/v1/Conjoncture_énergétique_janvier_2024.pdf,f009a35a42b2366f778e9d45cf87dcfec83415368a85b933996aea577d49d445,3354836,200,2026-06-25T19:51:45Z,,
d4e1b8e1e4ea4941,Conjoncture,2024-02,,fr,https://www.energiemines.gov.tn/fileadmin/docs-u1/Conjoncture_%C3%A9nerg%C3%A9tique_f%C3%A9vrier_2024.pdf,archive/Conjoncture/2024-02/v1/Conjoncture_énergétique_février_2024.pdf,d4e1b8e1e4ea4941c7bbb3182019c4e14c574972f7428deac143ec57351d648b,3367066,200,2026-06-25T19:51:35Z,,
cd3c4363bd5fc464,Conjoncture,2024-02,,ar,https://www.energiemines.gov.tn/fileadmin/docs-u1/Conjoncture_%C3%A9nerg%C3%A9tique_fin_f%C3%A9vrier_2024-_version_arabe.pdf,archive/Conjoncture/2024-02/v1/Conjoncture_énergétique_fin_février_2024-_version_arabe.pdf,cd3c4363bd5fc464550af397cc923b7bbedc7172eaee57797523eecced4abd81,1507348,200,2026-06-25T19:51:39Z,,
eba241ace8b79e8c,Conjoncture,2024-03,,ar,https://www.energiemines.gov.tn/fileadmin/docs-u1/%D9%88%D8%B6%D8%B9_%D9%82%D8%B7%D8%A7%D8%B9_%D8%A7%D9%84%D8%B7%D8%A7%D9%82%D8%A9_%D8%AE%D9%84%D8%A7%D9%84_%D9%85%D8%A7%D8%B1%D8%B3_2024.pdf,archive/Conjoncture/2024-03/v1/وضع_قطاع_الطاقة_خلال_مارس_2024.pdf,eba241ace8b79e8c71c63afa468ed9e0dc10d1666e4957a5a6cade982d6df4bf,3125044,200,2026-06-25T19:48:44Z,,
2bbcc21da16e0acb,Conjoncture,2024-03,,fr,https://www.energiemines.gov.tn/fileadmin/docs-u1/Conjoncture_%C3%A9nerg%C3%A9tique_mars_2024.pdf,archive/Conjoncture/2024-03/v1/Conjoncture_énergétique_mars_2024.pdf,2bbcc21da16e0acbe5594980baf12809556c455daf1f54247a546f845ac28ab5,3445721,200,2026-06-25T19:52:36Z,,
fbb6f1024ddffe90,Conjoncture,2024-04,,ar,https://www.energiemines.gov.tn/fileadmin/docs-u1/%D9%88%D8%B6%D8%B9_%D9%82%D8%B7%D8%A7%D8%B9_%D8%A7%D9%84%D8%B7%D8%A7%D9%82%D8%A9_%D8%AE%D9%84%D8%A7%D9%84_%D8%A3%D9%81%D8%B1%D9%8A%D9%84_2024.pdf,archive/Conjoncture/2024-04/v1/وضع_قطاع_الطاقة_خلال_أفريل_2024.pdf,fbb6f1024ddffe90c82fefceaba0238501b28986b0bac26155644da3069c2fd3,3055574,200,2026-06-25T19:48:37Z,,
94527d201304d5ec,Conjoncture,2024-04,,fr,https://www.energiemines.gov.tn/fileadmin/docs-u1/Conjoncture_%C3%A9nerg%C3%A9tique_avril_2024.pdf,archive/Conjoncture/2024-04/v1/Conjoncture_énergétique_avril_2024.pdf,94527d201304d5ec65aff3260c1342391586e307d3c63046f2ee8ba5b104fda7,3406975,200,2026-06-25T19:51:07Z,,
2c801f18b832e711,Conjoncture,2024-05,,ar,https://www.energiemines.gov.tn/fileadmin/docs-u1/%D9%88%D8%B6%D8%B9_%D9%82%D8%B7%D8%A7%D8%B9_%D8%A7%D9%84%D8%B7%D8%A7%D9%82%D8%A9_%D8%AE%D9%84%D8%A7%D9%84_%D9%85%D8%A7%D9%8A_2024.pdf,archive/Conjoncture/2024-05/v1/وضع_قطاع_الطاقة_خلال_ماي_2024.pdf,2c801f18b832e711dded8e10d9062dbd4aa8b325f2b42caa5b62d039c7ee01d5,3093100,200,2026-06-25T19:48:46Z,,
6fa801edd6cbf06b,Conjoncture,2024-05,,fr,https://www.energiemines.gov.tn/fileadmin/docs-u1/Conjoncture_%C3%A9nerg%C3%A9tique_mai_2024.pdf,archive/Conjoncture/2024-05/v1/Conjoncture_énergétique_mai_2024.pdf,6fa801edd6cbf06b66ea1523018ad1bb1d8768e1b8412ed87d552a2af29bbd68,3297492,200,2026-06-25T19:52:25Z,,
efa805b1e258b2e4,Conjoncture,2024-06,,ar,https://www.energiemines.gov.tn/fileadmin/docs-u1/%D9%88%D8%B6%D8%B9_%D9%82%D8%B7%D8%A7%D8%B9_%D8%A7%D9%84%D8%B7%D8%A7%D9%82%D8%A9_%D8%AE%D9%84%D8%A7%D9%84_%D8%AC%D9%88%D8%A7%D9%86_2024.pdf,archive/Conjoncture/2024-06/v1/وضع_قطاع_الطاقة_خلال_جوان_2024.pdf,efa805b1e258b2e412f55db9c185fa1c4cba1e789f943517c203734d6f38dd67,2951693,200,2026-06-25T19:48:41Z,,
ebbe341cd7caecec,Conjoncture,2024-06,,fr,https://www.energiemines.gov.tn/fileadmin/docs-u1/Conjoncture_%C3%A9nerg%C3%A9tique_juin_2024.pdf,archive/Conjoncture/2024-06/v1/Conjoncture_énergétique_juin_2024.pdf,ebbe341cd7caecec5a760359b0b613ada0c13d44118bc0b87be4e3a643b2a4f2,3381813,200,2026-06-25T19:52:12Z,,
9a32fcbe344abcf7,Conjoncture,2024-07,,ar,https://www.energiemines.gov.tn/fileadmin/docs-u1/%D9%88%D8%B6%D8%B9_%D9%82%D8%B7%D8%A7%D8%B9_%D8%A7%D9%84%D8%B7%D8%A7%D9%82%D8%A9_%D8%AE%D9%84%D8%A7%D9%84__%D8%AC%D9%88%D9%8A%D9%84%D9%8A%D8%A9_2024.pdf,archive/Conjoncture/2024-07/v1/وضع_قطاع_الطاقة_خلال__جويلية_2024.pdf,9a32fcbe344abcf7ff7d27dd5ef7137a051b1e3a74c4f0791e0cc21ed773a58f,2990599,200,2026-06-25T19:48:56Z,,
382a31ed2d09875a,Conjoncture,2024-07,,fr,https://www.energiemines.gov.tn/fileadmin/docs-u1/Conjoncture_%C3%A9nerg%C3%A9tique_juillet_2024.pdf,archive/Conjoncture/2024-07/v1/Conjoncture_énergétique_juillet_2024.pdf,382a31ed2d09875aae85b3686703c337a55b72e53cf0b4c0b1d8af861485ba98,4311855,200,2026-06-25T19:51:56Z,,
2f87b0ef4f6c774e,Conjoncture,2024-08,,ar,https://www.energiemines.gov.tn/fileadmin/docs-u1/%D9%88%D8%B6%D8%B9_%D9%82%D8%B7%D8%A7%D8%B9_%D8%A7%D9%84%D8%B7%D8%A7%D9%82%D8%A9_%D8%AE%D9%84%D8%A7%D9%84__%D8%A3%D9%88%D8%AA_2024.pdf,archive/Conjoncture/2024-08/v1/وضع_قطاع_الطاقة_خلال__أوت_2024.pdf,2f87b0ef4f6c774e1dd41cedd650912be488ccb3dabad8cab0a02b408ec7be88,3091432,200,2026-06-25T19:48:51Z,,
d788adfc2c8571bf,Conjoncture,2024-08,,fr,https://www.energiemines.gov.tn/fileadmin/docs-u1/Conjoncture_%C3%A9nerg%C3%A9tique_Ao%C3%BBt__2024.pdf,archive/Conjoncture/2024-08/v1/Conjoncture_énergétique_Août__2024.pdf,d788adfc2c8571bfe10fd8706f9333f441f516a937f4d5aad966cfe75cbc6f0b,4344715,200,2026-06-25T19:50:06Z,,
3535b95390dce2e0,Conjoncture,2024-09,,ar,https://www.energiemines.gov.tn/fileadmin/docs-u1/%D9%88%D8%B6%D8%B9_%D9%82%D8%B7%D8%A7%D8%B9_%D8%A7%D9%84%D8%B7%D8%A7%D9%82%D8%A9_%D8%AE%D9%84%D8%A7%D9%84__%D8%B3%D8%A8%D8%AA%D9%85%D8%A8%D8%B1_2024.pdf,archive/Conjoncture/2024-09/v1/وضع_قطاع_الطاقة_خلال__سبتمبر_2024.pdf,3535b95390dce2e034dd7646ecac2ebc8cc0ef30a68091ed2c4d33796e55ad6a,3007803,200,2026-06-25T19:48:58Z,,
e16cb84d55610866,Conjoncture,2024-09,,fr,https://www.energiemines.gov.tn/fileadmin/docs-u1/Conjoncture_%C3%A9nerg%C3%A9tique_%C3%A0_fin_septembre_2024.pdf,archive/Conjoncture/2024-09/v1/Conjoncture_énergétique_à_fin_septembre_2024.pdf,e16cb84d5561086618263e3c7b0f1042da62af1a6b320adce94a54524a027bc8,4366740,200,2026-06-25T19:50:04Z,,
ed03ba58a86470b4,Conjoncture,2024-10,,ar,https://www.energiemines.gov.tn/fileadmin/docs-u1/%D9%88%D8%B6%D8%B9_%D9%82%D8%B7%D8%A7%D8%B9_%D8%A7%D9%84%D8%B7%D8%A7%D9%82%D8%A9_%D8%AE%D9%84%D8%A7%D9%84__%D8%A3%D9%83%D8%AA%D9%88%D8%A8%D8%B1_2024.pdf,archive/Conjoncture/2024-10/v1/وضع_قطاع_الطاقة_خلال__أكتوبر_2024.pdf,ed03ba58a86470b4e6053b131e432964f23919be371e111fde02dc25c5976b83,2850344,200,2026-06-25T19:48:49Z,,
c539a1a0d2c96338,Conjoncture,2024-10,,fr,https://www.energiemines.gov.tn/fileadmin/docs-u1/Conjoncture_%C3%A9nerg%C3%A9tique_%C3%A0_fin_octobre_2024.pdf,archive/Conjoncture/2024-10/v1/Conjoncture_énergétique_à_fin_octobre_2024.pdf,c539a1a0d2c963383192eaed7934a9ab842a52cb8af5698209f9f6f4d93a094e,3090871,200,2026-06-25T19:50:02Z,,
3125cd5bb0b0bb79,Conjoncture,2024-11,,ar,https://www.energiemines.gov.tn/fileadmin/docs-u1/%D9%88%D8%B6%D8%B9_%D9%82%D8%B7%D8%A7%D8%B9_%D8%A7%D9%84%D8%B7%D8%A7%D9%82%D8%A9_%D8%AE%D9%84%D8%A7%D9%84__%D9%86%D9%88%D9%81%D9%85%D8%A8%D8%B1_2024.pdf,archive/Conjoncture/2024-11/v1/وضع_قطاع_الطاقة_خلال__نوفمبر_2024.pdf,3125cd5bb0b0bb798b7dcb7795b10a23f1d6983b365a4f96b1f641648d1e49b9,2856407,200,2026-06-25T19:49:05Z,,
8a4a500d343eede8,Conjoncture,2024-11,,fr,https://www.energiemines.gov.tn/fileadmin/docs-u1/Conjoncture_%C3%A9nerg%C3%A9tique_%C3%A0_fin_novembre_2024.pdf,archive/Conjoncture/2024-11/v1/Conjoncture_énergétique_à_fin_novembre_2024.pdf,8a4a500d343eede8db7f4a78a9fbdfb14f11f97bf3b4bd2a5738d999e81117bc,3064223,200,2026-06-25T19:50:00Z,,
8677efba4b3b2539,Conjoncture,2024-12,,ar,https://www.energiemines.gov.tn/fileadmin/docs-u1/%D9%88%D8%B6%D8%B9_%D9%82%D8%B7%D8%A7%D8%B9_%D8%A7%D9%84%D8%B7%D8%A7%D9%82%D8%A9_%D8%AE%D9%84%D8%A7%D9%84__%D8%B3%D9%86%D8%A9_2024.pdf,archive/Conjoncture/2024-12/v1/وضع_قطاع_الطاقة_خلال__سنة_2024.pdf,8677efba4b3b2539f69159a723a98917a18b80ca912ca62ba4864c3425a03e0a,3039638,200,2026-06-25T19:49:00Z,,AR annual recap
199550575545ee67,Conjoncture,2024-12,,fr,https://www.energiemines.gov.tn/fileadmin/docs-u1/Conjoncture_%C3%A9nerg%C3%A9tique_%C3%A0_fin_d%C3%A9cembre_2024.pdf,archive/Conjoncture/2024-12/v1/Conjoncture_énergétique_à_fin_décembre_2024.pdf,199550575545ee6752c50f8bf9f700994faab7ef0c4dd6127dc5052cec54756e,3066565,200,2026-06-25T19:49:58Z,,
3f37b39d5cf23cfa,Conjoncture,2025-01,,ar,https://www.energiemines.gov.tn/fileadmin/docs-u1/%D9%88%D8%B6%D8%B9_%D9%82%D8%B7%D8%A7%D8%B9_%D8%A7%D9%84%D8%B7%D8%A7%D9%82%D8%A9_%D8%AE%D9%84%D8%A7%D9%84__%D8%AC%D8%A7%D9%86%D9%81%D9%8A__2025.pdf,archive/Conjoncture/2025-01/v1/وضع_قطاع_الطاقة_خلال__جانفي__2025.pdf,3f37b39d5cf23cfaf65008b365ff51db1f08dd9397957a94ee27cf35503f037a,3016718,200,2026-06-25T19:48:53Z,,
35a2f4d42c43dc34,Conjoncture,2025-01,,fr,https://www.energiemines.gov.tn/fileadmin/docs-u1/Conjoncture_%C3%A9nerg%C3%A9tique_janvier_2025.pdf,archive/Conjoncture/2025-01/v1/Conjoncture_énergétique_janvier_2025.pdf,35a2f4d42c43dc34eb2a8d099697f079a3590d57ebdea787b5d378454d612975,4831713,200,2026-06-25T19:51:47Z,,
fcd092915f569b79,Conjoncture,2025-02,,ar,https://www.energiemines.gov.tn/fileadmin/docs-u1/%D9%88%D8%B6%D8%B9_%D9%82%D8%B7%D8%A7%D8%B9_%D8%A7%D9%84%D8%B7%D8%A7%D9%82%D8%A9_%D8%A5%D9%84%D9%89_%D9%85%D9%88%D9%81%D9%89_%D9%81%D9%8A%D9%81%D8%B1%D9%8A_2025.pdf,archive/Conjoncture/2025-02/v1/وضع_قطاع_الطاقة_إلى_موفى_فيفري_2025.pdf,fcd092915f569b79ee6c69007a24cc7b4a09ad814d260c8dd60cf36b9d881bd1,2857801,200,2026-06-25T19:48:19Z,,
c2b230559c963aed,Conjoncture,2025-02,,fr,https://www.energiemines.gov.tn/fileadmin/docs-u1/Conjoncture_%C3%A9nerg%C3%A9tique_f%C3%A9vrier_2025.pdf,archive/Conjoncture/2025-02/v1/Conjoncture_énergétique_février_2025.pdf,c2b230559c963aedd71f3dcbe605c1f17f5cc58051d9121f9b3a5854f8ffe3e4,4848460,200,2026-06-25T19:51:37Z,,
833f998732739d1a,Conjoncture,2025-03,,ar,https://www.energiemines.gov.tn/fileadmin/docs-u1/%D9%88%D8%B6%D8%B9_%D9%82%D8%B7%D8%A7%D8%B9_%D8%A7%D9%84%D8%B7%D8%A7%D9%82%D8%A9_%D8%A5%D9%84%D9%89_%D9%85%D9%88%D9%81%D9%89_%D9%85%D8%A7%D8%B1%D8%B3_2025.pdf,archive/Conjoncture/2025-03/v1/وضع_قطاع_الطاقة_إلى_موفى_مارس_2025.pdf,833f998732739d1a6fe1dca91b87528c93fd731cd4bf80955ff20540da875659,1025044,200,2026-06-25T19:48:22Z,,
0b6631d72d90765d,Conjoncture,2025-03,,fr,https://www.energiemines.gov.tn/fileadmin/docs-u1/Conjoncture_%C3%A9nerg%C3%A9tique_mars_2025.pdf,archive/Conjoncture/2025-03/v1/Conjoncture_énergétique_mars_2025.pdf,0b6631d72d90765d5dc6282ce9bd4acadf9fe4d02e047c65c7ec2309a4d3f8dd,4826210,200,2026-06-25T19:52:37Z,,
a9023cec37ffa14f,Conjoncture,2025-04,,ar,https://www.energiemines.gov.tn/fileadmin/docs-u1/%D9%88%D8%B6%D8%B9_%D9%82%D8%B7%D8%A7%D8%B9_%D8%A7%D9%84%D8%B7%D8%A7%D9%82%D8%A9_%D8%A5%D9%84%D9%89_%D9%85%D9%88%D9%81%D9%89_%D8%A3%D9%81%D8%B1%D9%8A%D9%84_2025.pdf,archive/Conjoncture/2025-04/v1/وضع_قطاع_الطاقة_إلى_موفى_أفريل_2025.pdf,a9023cec37ffa14fc6ae02cc729e01c016a55b232f81c9eda877a0f1b0152493,1129069,200,2026-06-25T19:48:10Z,,
b733c24df369eb81,Conjoncture,2025-04,,fr,https://www.energiemines.gov.tn/fileadmin/docs-u1/Conjoncture_%C3%A9nerg%C3%A9tique_avril_2025.pdf,archive/Conjoncture/2025-04/v1/Conjoncture_énergétique_avril_2025.pdf,b733c24df369eb818e88ffb85755903dc8dbad9153142e3661278b90243d25b2,4843659,200,2026-06-25T19:51:09Z,,
08c1e3581f70212d,Conjoncture,2025-05,,ar,https://www.energiemines.gov.tn/fileadmin/docs-u1/%D9%88%D8%B6%D8%B9_%D9%82%D8%B7%D8%A7%D8%B9_%D8%A7%D9%84%D8%B7%D8%A7%D9%82%D8%A9_%D8%A5%D9%84%D9%89_%D9%85%D9%88%D9%81%D9%89_%D9%85%D8%A7%D9%8A_2025.pdf,archive/Conjoncture/2025-05/v1/وضع_قطاع_الطاقة_إلى_موفى_ماي_2025.pdf,08c1e3581f70212d35adf9e329936e81ddac807c814ff528c76d9768b07655e4,1124738,200,2026-06-25T19:48:23Z,,
9cdec53d695240c5,Conjoncture,2025-05,,fr,https://www.energiemines.gov.tn/fileadmin/docs-u1/Conjoncture_%C3%A9nerg%C3%A9tique__mai_2025.pdf,archive/Conjoncture/2025-05/v1/Conjoncture_énergétique__mai_2025.pdf,9cdec53d695240c50f31b3636a47b99f0d4478aaaa3406dec25593b00f12ba93,2064329,200,2026-06-25T19:50:40Z,,
8c523b335caca1e9,Conjoncture,2025-06,,ar,https://www.energiemines.gov.tn/fileadmin/docs-u1/%D9%88%D8%B6%D8%B9_%D9%82%D8%B7%D8%A7%D8%B9_%D8%A7%D9%84%D8%B7%D8%A7%D9%82%D8%A9_%D8%A5%D9%84%D9%89_%D9%85%D9%88%D9%81%D9%89_%D8%AC%D9%88%D8%A7%D9%86_2025.pdf,archive/Conjoncture/2025-06/v1/وضع_قطاع_الطاقة_إلى_موفى_جوان_2025.pdf,8c523b335caca1e9f3ad45e2de9d16870f3f08e79c370294d8f7b17aa955fb9f,1132010,200,2026-06-25T19:48:14Z,,
de9ced78d594e9bd,Conjoncture,2025-06,,fr,https://www.energiemines.gov.tn/fileadmin/docs-u1/Conjoncture_%C3%A9nerg%C3%A9tique__juin_2025.pdf,archive/Conjoncture/2025-06/v1/Conjoncture_énergétique__juin_2025.pdf,de9ced78d594e9bd280e2df227dc1b4d1f178928fb59c17f88346f8f4b08cce9,4852054,200,2026-06-25T19:50:38Z,,
0764966ffa306b80,Conjoncture,2025-07,,ar,https://www.energiemines.gov.tn/fileadmin/docs-u1/%D9%88%D8%B6%D8%B9_%D9%82%D8%B7%D8%A7%D8%B9_%D8%A7%D9%84%D8%B7%D8%A7%D9%82%D8%A9_%D8%A5%D9%84%D9%89_%D9%85%D9%88%D9%81%D9%89_%D8%AC%D9%88%D9%8A%D9%84%D9%8A%D8%A9_2025.pdf,archive/Conjoncture/2025-07/v1/وضع_قطاع_الطاقة_إلى_موفى_جويلية_2025.pdf,0764966ffa306b800167d8f049182a8bf458b1dc123b3b80b9cca60a156791fe,3059727,200,2026-06-25T19:48:16Z,,
20acf2aa0e11005a,Conjoncture,2025-07,,fr,https://www.energiemines.gov.tn/fileadmin/docs-u1/Conjoncture_%C3%A9nerg%C3%A9tique_%C3%A0_fin__juillet_2025.pdf,archive/Conjoncture/2025-07/v1/Conjoncture_énergétique_à_fin__juillet_2025.pdf,20acf2aa0e11005aa0d183e5d50778c83256127eb53e3bf36ca749fa44fd7660,4948600,200,2026-06-25T19:49:56Z,,
cd37b5fe126a601b,Conjoncture,2025-08,,ar,https://www.energiemines.gov.tn/fileadmin/docs-u1/%D9%88%D8%B6%D8%B9_%D9%82%D8%B7%D8%A7%D8%B9_%D8%A7%D9%84%D8%B7%D8%A7%D9%82%D8%A9_%D8%A5%D9%84%D9%89_%D9%85%D9%88%D9%81%D9%89_%D8%A3%D9%88%D8%AA_2025.pdf,archive/Conjoncture/2025-08/v1/وضع_قطاع_الطاقة_إلى_موفى_أوت_2025.pdf,cd37b5fe126a601bed2dd8d53eac1918263da6e2e564eb1d0ba0601f0af572c8,1105543,200,2026-06-25T19:48:13Z,,
ac2940b6f8d2ad3d,Conjoncture,2025-08,,fr,https://www.energiemines.gov.tn/fileadmin/docs-u1/Conjoncture_%C3%A9nerg%C3%A9tique__ao%C3%BBt__2025.pdf,archive/Conjoncture/2025-08/v1/Conjoncture_énergétique__août__2025.pdf,ac2940b6f8d2ad3d1e93cba4e4b4a9d62e0537c71482e8db534fefa2ece3a014,5147017,200,2026-06-25T19:50:20Z,,
fa5ee883e2b76b09,Conjoncture,2025-09,,ar,https://www.energiemines.gov.tn/fileadmin/docs-u1/%D9%88%D8%B6%D8%B9_%D9%82%D8%B7%D8%A7%D8%B9_%D8%A7%D9%84%D8%B7%D8%A7%D9%82%D8%A9_%D8%A5%D9%84%D9%89_%D9%85%D9%88%D9%81%D9%89_%D9%89%D8%B3%D8%A8%D8%AA%D9%85%D8%A8%D8%B1__2025.pdf,archive/Conjoncture/2025-09/v1/وضع_قطاع_الطاقة_إلى_موفى_ىسبتمبر__2025.pdf,fa5ee883e2b76b094562cd369553c7beddf94489c2e4a28e419daddd038222ea,3051622,200,2026-06-25T19:48:27Z,,
e2d7a8d9a766c894,Conjoncture,2025-09,,fr,https://www.energiemines.gov.tn/fileadmin/docs-u1/Conjoncture_%C3%A9nerg%C3%A9tique__septembre_2025.pdf,archive/Conjoncture/2025-09/v1/Conjoncture_énergétique__septembre_2025.pdf,e2d7a8d9a766c894b555752b12940896537f17b98eb6a52313a706324f525882,4882855,200,2026-06-25T19:50:49Z,,
c2611a184d1fad85,Conjoncture,2025-10,,ar,https://www.energiemines.gov.tn/fileadmin/docs-u1/%D9%88%D8%B6%D8%B9_%D9%82%D8%B7%D8%A7%D8%B9_%D8%A7%D9%84%D8%B7%D8%A7%D9%82%D8%A9_%D8%A5%D9%84%D9%89_%D9%85%D9%88%D9%81%D9%89_%D8%A3%D9%83%D8%AA%D9%88%D8%A8%D8%B1_2025.pdf,archive/Conjoncture/2025-10/v1/وضع_قطاع_الطاقة_إلى_موفى_أكتوبر_2025.pdf,c2611a184d1fad85e84b946a4632e59127cb1809082d47095b10432702790b39,1066442,200,2026-06-25T19:48:11Z,,
5c79984c14c73428,Conjoncture,2025-10,,fr,https://www.energiemines.gov.tn/fileadmin/docs-u1/Conjoncture_%C3%A9nerg%C3%A9tique__octobre_2025.pdf,archive/Conjoncture/2025-10/v1/Conjoncture_énergétique__octobre_2025.pdf,5c79984c14c7342822179c844182c468f88cb9b52836817c8572f9bcbfb9d425,4843667,200,2026-06-25T19:50:47Z,,
20ec620a420b1136,Conjoncture,2025-11,,ar,https://www.energiemines.gov.tn/fileadmin/docs-u1/%D9%88%D8%B6%D8%B9_%D9%82%D8%B7%D8%A7%D8%B9_%D8%A7%D9%84%D8%B7%D8%A7%D9%82%D8%A9_%D8%A5%D9%84%D9%89_%D9%85%D9%88%D9%81%D9%89_%D9%86%D9%88%D9%81%D9%85%D8%A8%D8%B1_2025.pdf,archive/Conjoncture/2025-11/v1/وضع_قطاع_الطاقة_إلى_موفى_نوفمبر_2025.pdf,20ec620a420b11361b6b1315fef2d66e324320b6031ac7292d8bafa60e9f1e30,3036717,200,2026-06-25T19:48:25Z,,
5f1fc58d2863eee8,Conjoncture,2025-11,,fr,https://www.energiemines.gov.tn/fileadmin/docs-u1/Conjoncture_%C3%A9nerg%C3%A9tique__novembre_2025.pdf,archive/Conjoncture/2025-11/v1/Conjoncture_énergétique__novembre_2025.pdf,5f1fc58d2863eee8e67cdc34692777bfe83e40531a45994341b6a8b35cedffdc,4919334,200,2026-06-25T19:50:45Z,,
586ca995848c1371,Conjoncture,2025-12,,ar,https://www.energiemines.gov.tn/fileadmin/docs-u1/%D9%88%D8%B6%D8%B9_%D9%82%D8%B7%D8%A7%D8%B9_%D8%A7%D9%84%D8%B7%D8%A7%D9%82%D8%A9_%D8%A5%D9%84%D9%89_%D9%85%D9%88%D9%81%D9%89_%D8%AF%D9%8A%D8%B3%D9%85%D8%A8%D8%B1_2025.pdf,archive/Conjoncture/2025-12/v1/وضع_قطاع_الطاقة_إلى_موفى_ديسمبر_2025.pdf,586ca995848c13718a3f2bcec9284a302f3407ddd03de0f6474526847ec9bdb2,1178514,200,2026-06-25T19:48:17Z,,
9a736ea9a6fca085,Conjoncture,2025-12,,fr,https://www.energiemines.gov.tn/fileadmin/docs-u1/Conjoncture_%C3%A9nerg%C3%A9tique__d%C3%A9cembre_2025.pdf,archive/Conjoncture/2025-12/v1/Conjoncture_énergétique__décembre_2025.pdf,9a736ea9a6fca085ae62f2d7138eff9c3cbc34cf30d85243ccf29c337a2f36eb,4963165,200,2026-06-25T19:50:30Z,,
efd9b5f8077420cc,Conjoncture,2026-01,,ar,https://www.energiemines.gov.tn/fileadmin/docs-u1/%D9%88%D8%B6%D8%B9_%D9%82%D8%B7%D8%A7%D8%B9_%D8%A7%D9%84%D8%B7%D8%A7%D9%82%D8%A9_%D8%AE%D9%84%D8%A7%D9%84__%D8%AC%D8%A7%D9%86%D9%81%D9%8A__2026.pdf,archive/Conjoncture/2026-01/v1/وضع_قطاع_الطاقة_خلال__جانفي__2026.pdf,efd9b5f8077420cccc41aee689b9289a619359e1c457ddbfb4a4f1f4ac15a152,3065024,200,2026-06-25T19:48:55Z,,
2b32b8a7773e2234,Conjoncture,2026-01,,fr,https://www.energiemines.gov.tn/fileadmin/docs-u1/Conjoncture_%C3%A9nerg%C3%A9tique__janvier_2026.pdf,archive/Conjoncture/2026-01/v1/Conjoncture_énergétique__janvier_2026.pdf,2b32b8a7773e22345a269a6948acbc0ff6daf864fd6f3d1ac012abd02f1fb8ac,4892020,200,2026-06-25T19:50:34Z,,
61d0d464fcc6c8bd,Conjoncture,2026-02,,ar,https://www.energiemines.gov.tn/fileadmin/docs-u1/%D9%88%D8%B6%D8%B9_%D9%82%D8%B7%D8%A7%D8%B9_%D8%A7%D9%84%D8%B7%D8%A7%D9%82%D8%A9_%D8%AE%D9%84%D8%A7%D9%84__%D9%81%D9%8A%D9%81%D8%B1%D9%8A_2026.pdf,archive/Conjoncture/2026-02/v1/وضع_قطاع_الطاقة_خلال__فيفري_2026.pdf,61d0d464fcc6c8bd5be4ed8cb4bb85afe68cb4295888842b18ba9e66f0a26e54,3198546,200,2026-06-25T19:49:02Z,,
2718a2120197b86b,Conjoncture,2026-02,,fr,https://www.energiemines.gov.tn/fileadmin/docs-u1/Conjoncture_%C3%A9nerg%C3%A9tique__f%C3%A9vrier_2026.pdf,archive/Conjoncture/2026-02/v1/Conjoncture_énergétique__février_2026.pdf,2718a2120197b86b7d22b680adda8be5dec4cf4b40b9e344b8545716aadbac8a,4896849,200,2026-06-25T19:50:32Z,,
7b9fe4a07d637124,Conjoncture,2026-03,,ar,https://www.energiemines.gov.tn/fileadmin/docs-u1/%D9%88%D8%B6%D8%B9_%D9%82%D8%B7%D8%A7%D8%B9_%D8%A7%D9%84%D8%B7%D8%A7%D9%82%D8%A9_%D8%AE%D9%84%D8%A7%D9%84__%D9%85%D8%A7%D8%B1%D8%B3_2026.pdf,archive/Conjoncture/2026-03/v1/وضع_قطاع_الطاقة_خلال__مارس_2026.pdf,7b9fe4a07d637124aac61a7978762b0987f9612b1c40ac7dc8b1f7c9aaf3b177,1188408,200,2026-06-25T19:49:04Z,,
5dda205d3040a061,Conjoncture,2026-03,,fr,https://www.energiemines.gov.tn/fileadmin/docs-u1/Conjoncture_%C3%A9nerg%C3%A9tique__mars_2026.pdf,archive/Conjoncture/2026-03/v1/Conjoncture_énergétique__mars_2026.pdf,5dda205d3040a06160f3ceab916cdb95ae3dafba93093240a953fdbd568d1a75,4903068,200,2026-06-25T19:50:43Z,,
fef1b69613740308,Conjoncture,2026-04,,ar,https://www.energiemines.gov.tn/fileadmin/docs-u1/%D9%88%D8%B6%D8%B9_%D9%82%D8%B7%D8%A7%D8%B9_%D8%A7%D9%84%D8%B7%D8%A7%D9%82%D8%A9_%D8%AE%D9%84%D8%A7%D9%84__%D8%A3%D9%81%D8%B1%D9%8A%D9%84_2026.pdf,archive/Conjoncture/2026-04/v1/وضع_قطاع_الطاقة_خلال__أفريل_2026.pdf,fef1b69613740308d026fd19e9db7d8c769681150e1f4d0152746e66c7452776,1162491,200,2026-06-25T19:48:48Z,,
4c91195f11fc4e5a,Conjoncture,2026-04,,fr,https://www.energiemines.gov.tn/fileadmin/docs-u1/Conjoncture_%C3%A9nerg%C3%A9tique__avril_2026.pdf,archive/Conjoncture/2026-04/v1/Conjoncture_énergétique__avril_2026.pdf,4c91195f11fc4e5a13d45df246ec1e2265da251f0b2d918c4d2a3c9bcff3ec53,4827354,200,2026-06-25T19:50:27Z,,
99559b310ddf1ea2,Memento,2014,,fr,https://www.energiemines.gov.tn/fileadmin/docs-u1/Chiffres_cl%C3%A9s_2014.pdf,archive/Memento/2014/v1/Chiffres_clés_2014.pdf,99559b310ddf1ea2e1adde1a9386e751ad1c1a22c1dd099920d11d53b4e2665b,4197966,200,2026-06-25T19:49:52Z,,
4d5549e3c92951c6,Memento,2018,,ar,https://www.energiemines.gov.tn/fileadmin/docs-u1/Chiffres_cles_energie_2018._Ar.pdf,archive/Memento/2018/v1/Chiffres_cles_energie_2018._Ar.pdf,4d5549e3c92951c6140c507a998451d519d6e54e1f862a37324cfb49d8468a26,2000138,200,2026-06-25T19:49:54Z,,
2c82134306a105c6,Memento,2018,,fr,https://www.energiemines.gov.tn/fileadmin/docs-u1/chiffres_cles_energie_2018._Fr.pdf,archive/Memento/2018/v1/chiffres_cles_energie_2018._Fr.pdf,2c82134306a105c692e3222e78000e8a3a0b39ee4a56a5c2eafadee675c7a3a1,2215727,200,2026-06-25T19:53:58Z,,
b2ebaeb4c7ae5116,Memento,2019,,ar,https://www.energiemines.gov.tn/fileadmin/docs-u1/Chiffres_cl%C3%A9s_%C3%A9nergie_2019__Ar_.pdf,archive/Memento/2019/v1/Chiffres_clés_énergie_2019__Ar_.pdf,b2ebaeb4c7ae51163f93cfb314e121171ec55c1b755ca576e0c1591fa668514d,2027052,200,2026-06-25T19:49:48Z,,
ba5c1f42f989b4b1,Memento,2019,,fr,https://www.energiemines.gov.tn/fileadmin/docs-u1/chiffres_cl%C3%A9s_%C3%A9nergie_2019__fr_.pdf,archive/Memento/2019/v1/chiffres_clés_énergie_2019__fr_.pdf,ba5c1f42f989b4b1333ba703b867f6802df623069dca806d1deba8ecbd6bd121,2158187,200,2026-06-25T19:53:56Z,,
40a0053d69d2e0ec,Memento,2020,,ar,https://www.energiemines.gov.tn/fileadmin/docs-u1/Chiffres_cl%C3%A9s_%C3%A9nergie2020.Ar.pdf,archive/Memento/2020/v1/Chiffres_clés_énergie2020.Ar.pdf,40a0053d69d2e0ec2546d6ada84aa844ec85b11bc5f21fbf5b849f8523309528,1888710,200,2026-06-25T19:49:34Z,,
b5f998f00dd2d0a1,Memento,2020,,fr,https://www.energiemines.gov.tn/fileadmin/docs-u1/Chiffres_cl%C3%A9s_%C3%A9nergie2020.Fr.pdf,archive/Memento/2020/v1/Chiffres_clés_énergie2020.Fr.pdf,b5f998f00dd2d0a128f9c8674218994fa27f173dca685ca769d49cb345807758,2188980,200,2026-06-25T19:49:35Z,,
9422b12a3a168164,Memento,2021,,ar,https://www.energiemines.gov.tn/fileadmin/docs-u1/Chiffres_cl%C3%A9s_%C3%A9nergie2021.Ar.pdf,archive/Memento/2021/v1/Chiffres_clés_énergie2021.Ar.pdf,9422b12a3a168164a8dbcf4c608763d1b25e707e8c0f589d328e4de96581c33d,1904454,200,2026-06-25T19:49:37Z,,
dd47cdb21cd71b24,Memento,2021,,fr,https://www.energiemines.gov.tn/fileadmin/docs-u1/Chiffres_cl%C3%A9s_%C3%A9nergie2021.Fr.pdf,archive/Memento/2021/v1/Chiffres_clés_énergie2021.Fr.pdf,dd47cdb21cd71b249eb3b236ffa7b2e46ac47a5cb2045bebe6f3f619381faa0b,2133156,200,2026-06-25T19:49:39Z,,
911f702c2c08200a,Memento,2022,,ar,https://www.energiemines.gov.tn/fileadmin/docs-u1/Chiffres_cl%C3%A9s_%C3%A9nergie2022.Ar.pdf,archive/Memento/2022/v1/Chiffres_clés_énergie2022.Ar.pdf,911f702c2c08200ad617e9d000b08958181b47e9f450414bc25c78429e568509,3665929,200,2026-06-25T19:49:40Z,,
f36054d812ed9319,Memento,2022,,fr,https://www.energiemines.gov.tn/fileadmin/docs-u1/Chiffres_cl%C3%A9s_%C3%A9nergie2022.Fr.pdf,archive/Memento/2022/v1/Chiffres_clés_énergie2022.Fr.pdf,f36054d812ed931967f8d3eecb2452b2d77b6550f8e03bccd40734519c846de1,3552520,200,2026-06-25T19:49:42Z,,
18a1286166bee64d,Memento,2023,,ar,https://www.energiemines.gov.tn/fileadmin/docs-u1/Chiffres_cl%C3%A9s_%C3%A9nergie2023.Ar.pdf,archive/Memento/2023/v1/Chiffres_clés_énergie2023.Ar.pdf,18a1286166bee64d55f29ab07c6f207d716608812ca1531a421964b84dc6457f,3889881,200,2026-06-25T19:49:44Z,,
8460c31a99fc4106,Memento,2023,,fr,https://www.energiemines.gov.tn/fileadmin/docs-u1/Chiffres_cl%C3%A9s_%C3%A9nergie2023.Fr.pdf,archive/Memento/2023/v1/Chiffres_clés_énergie2023.Fr.pdf,8460c31a99fc4106eb62051e664f4e816c0c56da9e9755025093745345450820,3564911,200,2026-06-25T19:49:46Z,,
0d569d7b43d4100c,Memento,2024,,ar,https://www.energiemines.gov.tn/fileadmin/docs-u1/%D9%85%D8%A4%D8%B4%D8%B1%D8%A7%D8%AA_%D9%82%D8%B7%D8%A7%D8%B9_%D8%A7%D9%84%D8%B7%D8%A7%D9%82%D8%A9_2024.pdf,archive/Memento/2024/v1/مؤشرات_قطاع_الطاقة_2024.pdf,0d569d7b43d4100cfb3bb89341000c3aa094c857f7da480745c5a70aae06c0e6,3686276,200,2026-06-25T19:48:08Z,,
76a0a8de628bc209,Memento,2024,,fr,https://www.energiemines.gov.tn/fileadmin/docs-u1/Chiffres_cl%C3%A9s_%C3%A9nergie_2024.pdf,archive/Memento/2024/v1/Chiffres_clés_énergie_2024.pdf,76a0a8de628bc2091790056d27db5bac581b22c8fce732343f17c88a8690892b,3738449,200,2026-06-25T19:49:50Z,,
4229da5f88f520d8,Other,,,en,https://www.energiemines.gov.tn/fileadmin/docs-u1/Depot_Etude_Ener_Renouv_fr.pdf,archive/Other/undated/v1/Depot_Etude_Ener_Renouv_fr.pdf,4229da5f88f520d80dbf5c1df7ef851501bbbd29c3723f62cd2e53a0ea92adc6,430661,200,2026-06-25T19:53:13Z,,no year (reference doc)
245f6213ea6654ea,Other,,,fr,https://www.energiemines.gov.tn/fileadmin/docs-u1/Etude-Metbassta/1-Environmental-Social-Impact-Assessment-PV-Plant_fr_.pdf,archive/Other/undated/v1/1-Environmental-Social-Impact-Assessment-PV-Plant_fr_.pdf,245f6213ea6654ea7a37b35029c92c45e2f9d732656c4845b5440e2ee93e1221,22906638,200,2026-06-25T19:53:14Z,,no year (reference doc)
dd81065ff47eea70,Other,,,fr,https://www.energiemines.gov.tn/fileadmin/docs-u1/Etude-Metbassta/2-Environmental-Social-Impact-Assessment-OHTL_fr_.pdf,archive/Other/undated/v1/2-Environmental-Social-Impact-Assessment-OHTL_fr_.pdf,dd81065ff47eea709971937e69c15f6eb5a99fa9e3d89aeb371a987724f4a53f,20269330,200,2026-06-25T19:53:19Z,,no year (reference doc)
cd84caf432546a42,Other,,,fr,https://www.energiemines.gov.tn/fileadmin/docs-u1/Etude-Metbassta/3-Stakeholder-Engagement-Plan_fr_.pdf,archive/Other/undated/v1/3-Stakeholder-Engagement-Plan_fr_.pdf,cd84caf432546a42f51d3213d1a79aba028e27a5883acfd57aab0cc37097223f,1916514,200,2026-06-25T19:53:23Z,,no year (reference doc)
9b874039fcca5cd3,Other,,,fr,https://www.energiemines.gov.tn/fileadmin/docs-u1/Etude-Metbassta/4-Resettlement-Action-Plan-PV-Plant_fr_.pdf,archive/Other/undated/v1/4-Resettlement-Action-Plan-PV-Plant_fr_.pdf,9b874039fcca5cd3871dec447fc746517a5dbf44d9dcd1f9434d5a513a72eb3d,5289849,200,2026-06-25T19:53:25Z,,no year (reference doc)
7877243cfe0af0e5,Other,,,fr,https://www.energiemines.gov.tn/fileadmin/docs-u1/Etude-Metbassta/5-Resettlement-Action-Plan-OHTL_fr_.pdf,archive/Other/undated/v1/5-Resettlement-Action-Plan-OHTL_fr_.pdf,7877243cfe0af0e5c897ab39d902fa5ddf3baf30220bf42ad62fcea07f817dfa,9180150,200,2026-06-25T19:53:27Z,,no year (reference doc)
cd84f554c516dd44,Other,,,fr,https://www.energiemines.gov.tn/fileadmin/docs-u1/Etude-Metbassta/6-Grievance-Mechanism_ar_.pdf,archive/Other/undated/v1/6-Grievance-Mechanism_ar_.pdf,cd84f554c516dd44c557c555debd7aa8bf006f29fe7c431de95f8a5a5b27f1eb,212325,200,2026-06-25T19:53:30Z,,no year (reference doc)
77a8221151206541,Other,,,fr,https://www.energiemines.gov.tn/fileadmin/docs-u1/Etude-Metbassta/7-Grievance-Mechanism_fr_.pdf,archive/Other/undated/v1/7-Grievance-Mechanism_fr_.pdf,77a82211512065413ca4879bef8a631d4e2eed8a2933d8d2c24558a246818f41,757259,200,2026-06-25T19:53:31Z,,no year (reference doc)
68b577d6db9c6c71,Other,,,fr,https://www.energiemines.gov.tn/fileadmin/docs-u1/Etude-Metbassta/8-TUN-E_S-ESMS-Manual.pdf,archive/Other/undated/v1/8-TUN-E_S-ESMS-Manual.pdf,68b577d6db9c6c71634bf1633eb99be8029bf7edea1388c0bbbdac6febbb2438,1682600,200,2026-06-25T19:53:32Z,,no year (reference doc)
3e0f7d7b237a77bb,Other,,,en,https://www.energiemines.gov.tn/fileadmin/docs-u1/Guide_Detaill%C3%A9_Energie_Renouvelable_Tunisie.pdf,archive/Other/undated/v1/Guide_Detaillé_Energie_Renouvelable_Tunisie.pdf,3e0f7d7b237a77bb46dea196ac5c0c356d0d5321cdc97adbacbe8872b97c76ec,9171923,200,2026-06-25T19:53:35Z,,no year (reference doc)
910358ea2469a82d,Other,,,en,https://www.energiemines.gov.tn/fileadmin/docs-u1/Guide_Summary_Renewable_Energy_Tunisia.pdf,archive/Other/undated/v1/Guide_Summary_Renewable_Energy_Tunisia.pdf,910358ea2469a82d70488f1740f39492a64be7d075e58e40536f3a88d16eb738,2405391,200,2026-06-25T19:53:38Z,,no year (reference doc)
3b43c900114a8eab,Other,,,en,https://www.energiemines.gov.tn/fileadmin/docs-u1/Guide_d_Acc%C3%A8s_au_Foncier_Projets_ER_en_Tunisie_.pdf,archive/Other/undated/v1/Guide_d_Accès_au_Foncier_Projets_ER_en_Tunisie_.pdf,3b43c900114a8eab38aa7a455f4d0ecb0bbb717b08578ede124e03df9dcc52b7,3849979,200,2026-06-25T19:53:40Z,,no year (reference doc)
1b7fc08f326541db,Other,,,en,https://www.energiemines.gov.tn/fileadmin/docs-u1/Guide_resume_ENR_tunisie.pdf,archive/Other/undated/v1/Guide_resume_ENR_tunisie.pdf,1b7fc08f326541dbe0a20edf3b2c21f8139d22aeb19e1dfff7d994db80b87e81,1590998,200,2026-06-25T19:53:42Z,,no year (reference doc)
56f3e4c54aeeb0ad,Other,,,fr,https://www.energiemines.gov.tn/fileadmin/user_upload/publications/plan_action_solaire.pdf,archive/Other/undated/v1/plan_action_solaire.pdf,56f3e4c54aeeb0adcaaae9f23127ae5f6ce3e817d338e4c4fe373038931338e5,3143217,200,2026-06-25T19:54:17Z,,no year (reference doc)
c78986a4044ed146,Other,,,en,https://www.energiemines.gov.tn/fileadmin/user_upload/publications/revue_energie_95_fr.pdf,archive/Other/undated/v1/revue_energie_95_fr.pdf,c78986a4044ed14654177ee25c11df71f5294f703f43614a7ede1f0371ac059e,19670685,200,2026-06-25T19:54:19Z,,no year (reference doc)
44115ab37f14d5b0,Other,2015,,fr,https://www.energiemines.gov.tn/fileadmin/user_upload/energies_renouvelables/PST_2015.pdf,archive/Other/2015/v1/PST_2015.pdf,44115ab37f14d5b04edbb6d51a192c394fa56c8475f9af656c5d47e7d4cae34e,1497679,200,2026-06-25T19:54:07Z,,
950fa4212ce523e1,Other,2035,,fr,https://www.energiemines.gov.tn/fileadmin/docs-u1/synth%C3%A8se_strat%C3%A9gie_2035.pdf,archive/Other/2035/v1/synthèse_stratégie_2035.pdf,950fa4212ce523e11837f98db564fe7ece017438a7a938711d44ef8bc6bd56cc,1824781,200,2026-06-25T19:53:59Z,,
